,Charge,NW.Counts,SF.Counts,Description,Chapter,Section,Expungeable.,tempID,Reason not expungeable,Statute,Analysis notes
1,SEX OFFENDER FAIL TO REGISTER c6 ยง178H,10,0,SEX OFFENDER FAIL TO REGISTER,6,178H,Yes,1,"not in the list of non-expungable offenses in 100J. However, one cannot fail to register without being a sex offender, and sex offenses are not expungable. 100Ja(6), 100Ja(10)",100J(6),
2,FAILURE TO REGISTER OR VERIFY REGISRATION INFO BY SEX OFFENDER c. 6 s. 178H,0,2,FAILURE TO REGISTER OR VERIFY REGISRATION INFO BY SEX OFFENDER,6,178H,Yes,2,"not in the list of non-expungable offenses in 100J. However, one cannot fail to register without being a sex offender, and sex offenses are not expungable. 100Ja(6), 100Ja(10)",100J(6),
3,SEX OFFENDER FAIL TO REGISTER C6/178H (a)(i) HABITUAL OFFENDER,3,0,SEX OFFENDER FAIL TO REGISTER C6/178H (A)(I) HABITUAL OFFENDER,6,178H (a)(i) HABITUAL OFFENDER,Yes,3,"not in the list of non-expungable offenses in 100J. However, one cannot fail to register without being a sex offender, and sex offenses are not expungable. 100Ja(6), 100Ja(10)",100J(6),
4,SEX OFFENDER FAIL TO REGISTER C6/178H (a)(iii) HABITUAL OFFENDER,4,0,SEX OFFENDER FAIL TO REGISTER C6/178H (A)(III) HABITUAL OFFENDER,6,178H (a)(iii) HABITUAL OFFENDER,Yes,4,"not in the list of non-expungable offenses in 100J. However, one cannot fail to register without being a sex offender, and sex offenses are not expungable. 100Ja(6), 100Ja(10)",100J(6),
5,SEX OFFENDER FAIL TO REGISTER C6/178H (a)(iv) HABITUAL OFFENDER,5,0,SEX OFFENDER FAIL TO REGISTER C6/178H (A)(IV) HABITUAL OFFENDER,6,178H (a)(iv) HABITUAL OFFENDER,Yes,5,"not in the list of non-expungable offenses in 100J. However, one cannot fail to register without being a sex offender, and sex offenses are not expungable. 100Ja(6), 100Ja(10)",100J(6),
6,"SEX OFFENDER FAIL TO REGISTER, SUBSQ.OFF. c6 ยง178H(a)",25,282,"SEX OFFENDER FAIL TO REGISTER, SUBSQ.OFF.",6,178H(a),Yes,6,"not in the list of non-expungable offenses in 100J. However, one cannot fail to register without being a sex offender, and sex offenses are not expungable. 100Ja(6), 100Ja(10)",100J(6),
7,"SEX OFFENDER FAIL TO REGISTER, SUBSQ.OFF. LEVEL 2 OR 3 c6 ยง178H(a)",0,20,"SEX OFFENDER FAIL TO REGISTER, SUBSQ.OFF. LEVEL 2 OR 3",6,178H(a),Yes,7,"not in the list of non-expungable offenses in 100J. However, one cannot fail to register without being a sex offender, and sex offenses are not expungable. 100Ja(6), 100Ja(10)",100J(6),
8,SEX OFFENDER FAIL TO REGISTER c6 ยง178H(a)-(c),101,1074,SEX OFFENDER FAIL TO REGISTER,6,178H(a)-(c),Yes,8,"not in the list of non-expungable offenses in 100J. However, one cannot fail to register without being a sex offender, and sex offenses are not expungable. 100Ja(6), 100Ja(10)",100J(6),
9,"SEX OFFENDER FAIL TO REGISTER, HOMELESS, 2ND OFF. c6 ยง178H(c)",0,50,"SEX OFFENDER FAIL TO REGISTER, HOMELESS, 2ND OFF.",6,178H(c),Yes,9,"not in the list of non-expungable offenses in 100J. However, one cannot fail to register without being a sex offender, and sex offenses are not expungable. 100Ja(6), 100Ja(10)",100J(6),
10,"SEX OFFENDER FAIL TO REGISTER, HOMELESS, 3RD OFF. c6 ยง178H(c)",0,49,"SEX OFFENDER FAIL TO REGISTER, HOMELESS, 3RD OFF.",6,178H(c),Yes,10,"not in the list of non-expungable offenses in 100J. However, one cannot fail to register without being a sex offender, and sex offenses are not expungable. 100Ja(6), 100Ja(10)",100J(6),
11,"Failure to Register,Sex Offender,2nd or Sub,c6,s178H(a)(2)-SUBSEQUENT",1,0,"FAILURE TO REGISTER,SEX OFFENDER,2ND OR SUB,C6,S178H(A)(2)-SUBSEQUENT","6,",178H(a)(2)-SUBSEQUENT,Yes,11,"not in the list of non-expungable offenses in 100J. However, one cannot fail to register without being a sex offender, and sex offenses are not expungable. 100Ja(6), 100Ja(10)",100J(6),
12,"SEX OFFENDER INFO, AGENCY FAIL PROVIDE c6 ยง178K(3)",0,1,"SEX OFFENDER INFO, AGENCY FAIL PROVIDE",6,178K(3),Yes,12,"not in the list of non-expungable offenses in 100J. However, one cannot fail to register without being a sex offender, and sex offenses are not expungable. 100Ja(6), 100Ja(10)",100J(6),
13,"SEX OFFENDER INFO, HOMELESS SHELTER FAIL PROVIDE c6 ยง178F or ยง178Fยฝ",1,3,"SEX OFFENDER INFO, HOMELESS SHELTER FAIL PROVIDE",6,178F or ยง178Fยฝ,Yes,13,"not in the list of non-expungable offenses in 100J. However, one cannot fail to register without being a sex offender, and sex offenses are not expungable. 100Ja(6), 100Ja(10)",100J(6),
14,"A&F INQUIRY, DISTURB, OR WITNESS FAIL TESTIFY AT c. 7 s. 11",0,1,"A&F INQUIRY, DISTURB, OR WITNESS FAIL TESTIFY AT",7,11,Yes,14,not in the list of non-expungable offenses.,,
15,"DAY CARE, UNLICENSED c28A ยง11(a)",0,2,"DAY CARE, UNLICENSED",28A,11(a),Yes,15,not in the list of non-expungable offenses.,,
16,MUNICIPAL BY-LAW OR ORDINANCE VIOLATION c40 ยง21,38,951,MUNICIPAL BY-LAW OR ORDINANCE VIOLATION,40,21,Yes,16,not in the list of non-expungable offenses.,,
17,"IDENTIFY SELF, REFUSE c40 ยง21D(c)",2,18,"IDENTIFY SELF, REFUSE",40,21D(c),Yes,17,not in the list of non-expungable offenses.,,
18,SEWER BY-LAW VIOLATION c40 ยง21(6),0,2,SEWER BY-LAW VIOLATION,40,21(6),Yes,18,not in the list of non-expungable offenses.,,
19,EXCAVATION BY-LAW VIOLATION c40 ยง21(19),0,1,EXCAVATION BY-LAW VIOLATION,40,21(19),Yes,19,not in the list of non-expungable offenses.,,
20,"DEATH CERTIFICATE, FILE FALSE c46 ยง14",0,4,"DEATH CERTIFICATE, FILE FALSE",46,14,Yes,20,not in the list of non-expungable offenses.,,
21,"NOMINATION PAPER/PETITION, FALSE c56 ยง11",0,16,"NOMINATION PAPER/PETITION, FALSE",56,11,Yes,21,not in the list of non-expungable offenses.,,
22,"VOTE UNLAWFULLY, ATTEMPT TO c56 ยง26",0,1,"VOTE UNLAWFULLY, ATTEMPT TO",56,26,Yes,22,not in the list of non-expungable offenses.,,
23,"TAX, ATTEMPT TO EVADE c62C ยง73(a)",1,1,"TAX, ATTEMPT TO EVADE",62C,73(a),Yes,23,not in the list of non-expungable offenses.,,
24,"TAX, FAIL COLLECT OR PAY OVER c62C ยง73(b)",0,80,"TAX, FAIL COLLECT OR PAY OVER",62C,73(b),Yes,24,not in the list of non-expungable offenses.,,
25,"TAX RETURN, FAIL FILE c62C ยง73(c)",0,13,"TAX RETURN, FAIL FILE",62C,73(c),Yes,25,not in the list of non-expungable offenses.,,
26,"TAX, EVADE c62C ยง73(c)",0,1,"TAX, EVADE",62C,73(c),Yes,26,not in the list of non-expungable offenses.,,
27,"SALES TAX CERTIFICATE, FALSE c62C ยง73(i)",0,3,"SALES TAX CERTIFICATE, FALSE",62C,73(i),Yes,27,not in the list of non-expungable offenses.,,
28,"TAX RETURN, FALSE VERIFIED c62C ยง73(f)(1)",0,11,"TAX RETURN, FALSE VERIFIED",62C,73(f)(1),Yes,28,not in the list of non-expungable offenses.,,
29,"TAX RETURN, AID FALSE c62C ยง73(f)(2)",0,2,"TAX RETURN, AID FALSE",62C,73(f)(2),Yes,29,not in the list of non-expungable offenses.,,
30,"TAX DOCUMENT, FALSE SIGNATURE ON c62C ยง73(f)(3)",0,1,"TAX DOCUMENT, FALSE SIGNATURE ON",62C,73(f)(3),Yes,30,not in the list of non-expungable offenses.,,
31,DRUG DEALER FAIL PAY TAX c64K ยง9,0,1,DRUG DEALER FAIL PAY TAX,64K,9,Yes,31,not in the list of non-expungable offenses.,,
32,"CIGARETTES, SELL -12000 UNSTAMPED c64C ยง34",0,1,"CIGARETTES, SELL -12000 UNSTAMPED",64C,34,Yes,32,not in the list of non-expungable offenses.,,
33,"CIGARETTES, POSSESS -12000 UNSTAMPED c64C ยง35",1,1,"CIGARETTES, POSSESS -12000 UNSTAMPED",64C,35,Yes,33,not in the list of non-expungable offenses.,,
34,"CIGARETTES, SELL WITHOUT LICENSE c64C ยง10 & ยง2",0,2,"CIGARETTES, SELL WITHOUT LICENSE",64C,10 & ยง2,Yes,34,not in the list of non-expungable offenses.,,
35,"MASSACHUSETTS STATE COLLEGE BUILDING AUTHORITY, FINANCIAL INTEREST VIOLATION c. 73 App. s. 1-2",0,1,"MASSACHUSETTS STATE COLLEGE BUILDING AUTHORITY, FINANCIAL INTEREST VIOLATION",73,"""1-2""",Yes,35,not in the list of non-expungable offenses.,,
36,"SCHOOL, FAIL SEND CHILD TO c76 ยง2",17,0,"SCHOOL, FAIL SEND CHILD TO",76,2,Yes,36,not in the list of non-expungable offenses.,,
37,"BICYCLE PATH, DRIVE HORSE/ANIMAL ON c82 ยง36",0,1,"BICYCLE PATH, DRIVE HORSE/ANIMAL ON",82,36,Yes,37,not in the list of non-expungable offenses.,,
38,"STATE HWAYยฟCLOSED TO TRAVEL, MV WHERE * c85 ยง2E",0,9,"STATE HWAYยฟCLOSED TO TRAVEL, MV WHERE *",85,2E,Yes,38,not in the list of non-expungable offenses.,,
39,"SNOW/ICE, VIOL MUNIC BY-LAW ON REMOVING c85 ยง5",0,1,"SNOW/ICE, VIOL MUNIC BY-LAW ON REMOVING",85,5,Yes,39,not in the list of non-expungable offenses.,,
40,MUNICIPAL BY-LAW VIOLATION c85 ยง10,1,9,MUNICIPAL BY-LAW VIOLATION,85,10,Yes,40,not in the list of non-expungable offenses.,,
41,MOTOR VEH BY-LAW VIOLATION * c85 ยง10,0,1,MOTOR VEH BY-LAW VIOLATION *,85,10,Yes,41,not in the list of non-expungable offenses.,,
42,BICYCLE VIOLATION c85 ยง11B,1,15,BICYCLE VIOLATION,85,11B,Yes,42,not in the list of non-expungable offenses.,,
43,BICYCLE VIOLATOR REFUSE IDENTIFY SELF c85 ยง11C,0,2,BICYCLE VIOLATOR REFUSE IDENTIFY SELF,85,11C,Yes,43,not in the list of non-expungable offenses.,,
44,FLARES VIOLATION BY COMMERCIAL VEHICLE * c85 ยง14B,0,1,FLARES VIOLATION BY COMMERCIAL VEHICLE *,85,14B,Yes,44,not in the list of non-expungable offenses.,,
45,LIGHTS VIOLATION * c85 ยง15,13,31,LIGHTS VIOLATION *,85,15,Yes,45,not in the list of non-expungable offenses.,,
46,LIGHTS VIOLATION BY NON-MOTOR VEHICLE c85 ยง15,0,1,LIGHTS VIOLATION BY NON-MOTOR VEHICLE,85,15,Yes,46,not in the list of non-expungable offenses.,,
47,"NAME/ADDRESS, REFUSE GIVE AT NIGHT c85 ยง16",1,0,"NAME/ADDRESS, REFUSE GIVE AT NIGHT",85,16,Yes,47,not in the list of non-expungable offenses.,,
48,"NAME/ADDRESS, MV OP REFUSE GIVE AT NT * c85 ยง16",0,2,"NAME/ADDRESS, MV OP REFUSE GIVE AT NT *",85,16,Yes,48,not in the list of non-expungable offenses.,,
49,SOLICIT FROM PERSONS IN MOTOR VEHICLES c85 ยง17A,13,31,SOLICIT FROM PERSONS IN MOTOR VEHICLES,85,17A,Yes,49,not in the list of non-expungable offenses.,,
50,SPEEDING ON COUNTY BRIDGE VIOL BY-LAW * c85 ยง20,0,1,SPEEDING ON COUNTY BRIDGE VIOL BY-LAW *,85,20,Yes,50,not in the list of non-expungable offenses.,,
51,WEIGHT VIOLATION ON BRIDGE * c85 ยง34,3,0,WEIGHT VIOLATION ON BRIDGE *,85,34,Yes,51,not in the list of non-expungable offenses.,,
52,LOAD UNSECURED/UNCOVERED * c85 ยง36,5,15,LOAD UNSECURED/UNCOVERED *,85,36,Yes,52,not in the list of non-expungable offenses.,,
53,"TREE/SHRUB, WANTONLY INJURE PUBLIC c87 ยง12",0,1,"TREE/SHRUB, WANTONLY INJURE PUBLIC",87,12,Yes,53,not in the list of non-expungable offenses.,,
54,"KEEP RIGHT FOR ONCOMING MV, FAIL TO * c89 ยง1",21,46,"KEEP RIGHT FOR ONCOMING MV, FAIL TO *",89,1,Yes,54,not in the list of non-expungable offenses.,,
55,PASSING VIOLATION * c89 ยง2,31,106,PASSING VIOLATION *,89,2,Yes,55,not in the list of non-expungable offenses.,,
56,"KEEP RIGHT ON HILL/OBSTRUCTED VIEW, FL * c89 ยง4",14,11,"KEEP RIGHT ON HILL/OBSTRUCTED VIEW, FL *",89,4,Yes,56,not in the list of non-expungable offenses.,,
57,"FAILURE TO OBEY PAVEMENT MARKINGS/LINES, OPERATING AND c. 89 s. 4",0,2,"FAILURE TO OBEY PAVEMENT MARKINGS/LINES, OPERATING AND",89,4,Yes,57,not in the list of non-expungable offenses.,,
58,MARKED LANES VIOLATION * c89 ยง4A,2191,2926,MARKED LANES VIOLATION *,89,4A,Yes,58,not in the list of non-expungable offenses.,,
59,"RIGHT LANE, FAIL DRIVE IN * c89 ยง4B",134,40,"RIGHT LANE, FAIL DRIVE IN *",89,4B,Yes,59,not in the list of non-expungable offenses.,,
60,BREAKDOWN LANE VIOLATION * c89 ยง4B,15,19,BREAKDOWN LANE VIOLATION *,89,4B,Yes,60,not in the list of non-expungable offenses.,,
61,LEFT LANE RESTRICTION VIOLATION * c89 ยง4C,20,11,LEFT LANE RESTRICTION VIOLATION *,89,4C,Yes,61,not in the list of non-expungable offenses.,,
62,STREETCAR FAIL STOP FOR FIRE APPARATUS c89 ยง6A,1,0,STREETCAR FAIL STOP FOR FIRE APPARATUS,89,6A,Yes,62,not in the list of non-expungable offenses.,,
63,"EMERGENCY VEHICLE, WILFULLY OBSTRUCT c89 ยง7",12,40,"EMERGENCY VEHICLE, WILFULLY OBSTRUCT",89,7,Yes,63,not in the list of non-expungable offenses.,,
64,"EMERGENCY VEHICLE, WILFULLY OBSTRUCT, 3D c89 ยง7",7,25,"EMERGENCY VEHICLE, WILFULLY OBSTRUCT, 3D",89,7,Yes,64,not in the list of non-expungable offenses.,,
65,"EMERGENCY VEHICLE, WILFULLY OBSTRUCT, 2D c89 ยง7",0,1,"EMERGENCY VEHICLE, WILFULLY OBSTRUCT, 2D",89,7,Yes,65,not in the list of non-expungable offenses.,,
66,"EMERGENCY VEHICLE, OBSTRUCT * c89 ยง7A",13,77,"EMERGENCY VEHICLE, OBSTRUCT *",89,7A,Yes,66,not in the list of non-expungable offenses.,,
67,"YIELD AT INTERSECTION, FAIL * c89 ยง8",84,248,"YIELD AT INTERSECTION, FAIL *",89,8,Yes,67,not in the list of non-expungable offenses.,,
68,"STOP/YIELD, FAIL TO * c89 ยง9",590,2878,"STOP/YIELD, FAIL TO *",89,9,Yes,68,not in the list of non-expungable offenses.,,
69,CROSSWALK VIOLATION * c89 ยง11,55,338,CROSSWALK VIOLATION *,89,11,Yes,69,not in the list of non-expungable offenses.,,
70,"DEFECTIVE EQUIPMENT, OPERATING WITH c. 90 s. 1",0,3,"DEFECTIVE EQUIPMENT, OPERATING WITH",90,1,Yes,70,not in the list of non-expungable offenses. Seems to be missing a section number - section 1 is just defintions. Source file incorrect?,,
71,BOAT OUIยLIQUOR c90B ยง8(a),2,0,BOAT OUIยLIQUOR,90B,8(a),Yes,71,1052 on Master Crime List offense with Expunge categories.xlsx from Sana,,analyze with and without
72,UNLICENSED OPERATION OF MOTOR VEHICLE c. 90 s. 10a,0,22,UNLICENSED OPERATION OF MOTOR VEHICLE,90,10a,Yes,72,1011 on Master Crime list. not in the list of non-expungable offenses. C90 s10a repealed 1957.,,
73,LICENSE NOT IN POSSESSION * c90 ยง11,332,535,LICENSE NOT IN POSSESSION *,90,11,Yes,73,not in the list of non-expungable offenses.,,
74,REGISTRATION NOT IN POSSESSION * c90 ยง11,204,256,REGISTRATION NOT IN POSSESSION *,90,11,Yes,74,not in the list of non-expungable offenses.,,
75,"IMPROPER OPERATION OF MV, ALLOW * c90 ยง12",11,1551,"IMPROPER OPERATION OF MV, ALLOW *",90,12,Yes,75,not in the list of non-expungable offenses.,,
76,"UNLICENSED/SUSPENDED OPERATION OF MV, PERMIT c90 ยง12",0,277,"UNLICENSED/SUSPENDED OPERATION OF MV, PERMIT",90,12,Yes,76,not in the list of non-expungable offenses.,,
77,"UNLICENSED/SUSPENDED OPERATION OF MV, PERMIT, SUBSQ. OFF c90 ยง12",0,4,"UNLICENSED/SUSPENDED OPERATION OF MV, PERMIT, SUBSQ. OFF",90,12,Yes,77,not in the list of non-expungable offenses.,,
78,"IGNITION INTERLOCK, PERMIT OPERATION WITHOUT c90 ยง12(c)",1,0,"IGNITION INTERLOCK, PERMIT OPERATION WITHOUT",90,12(c),Yes,78,not in the list of non-expungable offenses.,,
79,SNOW/REC VEHยUNREGISTERED * c90B ยง21,1,0,SNOW/REC VEHยUNREGISTERED *,90B,21,Yes,79,not in the list of non-expungable offenses.,,
80,"SNOW/REC VEHยREGISTRATION, FL PRODUCE * c90B ยง22",14,0,"SNOW/REC VEHยREGISTRATION, FL PRODUCE *",90B,22,Yes,80,not in the list of non-expungable offenses.,,
81,SNOW/REC VEHยNOISE VIOLATION * c90B ยง24,1,0,SNOW/REC VEHยNOISE VIOLATION *,90B,24,Yes,81,not in the list of non-expungable offenses.,,
82,SNOW/REC VEHยHELMET VIOLATION * c90B ยง26,7,0,SNOW/REC VEHยHELMET VIOLATION *,90B,26,Yes,82,not in the list of non-expungable offenses.,,
83,SNOW/REC VEHยUNSAFE OPERATION * c90B ยง26,4,0,SNOW/REC VEHยUNSAFE OPERATION *,90B,26,Yes,83,not in the list of non-expungable offenses.,,
84,SNOW/REC VEHยUNDER 14 OPERATE UNSUPERVSD c90B ยง26,2,0,SNOW/REC VEHยUNDER 14 OPERATE UNSUPERVSD,90B,26,Yes,84,not in the list of non-expungable offenses.,,
85,SNOW/REC VEHยOUIยLIQUOR * c90B ยง26,1,0,SNOW/REC VEHยOUIยLIQUOR *,90B,26,yes,85,not in the list of non-expungable offenses.,,
86,"SNOW VEHยPRIVATE PROPERTY, ON * c90B ยง26",1,0,"SNOW VEHยPRIVATE PROPERTY, ON *",90B,26,Yes,86,not in the list of non-expungable offenses.,,
87,"SNOW/REC VEHยSTOP FOR POLICE, FAIL * c90B ยง32",1,0,"SNOW/REC VEHยSTOP FOR POLICE, FAIL *",90B,32,Yes,87,not in the list of non-expungable offenses.,,
88,"MARIHUANA, TRAFFICKING IN  c94C ยง32E(a)",2,0,"MARIHUANA, TRAFFICKING IN ",94C,32E(a),Yes,88,"code 402, 1095-1098 on Master Crime List offense with Expunge categories.xlsx from Sana",,
89,"BODY, IMPROPER DISPOSITION OF HUMAN c114  ยง43M",12,0,"BODY, IMPROPER DISPOSITION OF HUMAN",114,43M,Yes,89,not in the list of non-expungable offenses.,,
90,Assault & Battery on  Family/Household Member  c265  ยง13M(a),2099,0,ASSAULT & BATTERY ON  FAMILY/HOUSEHOLD MEMBER ,265,13M(a),No,90,,100Ja(17),
91,Assault on Family/Household Member  c265  ยง13M(a),145,0,ASSAULT ON FAMILY/HOUSEHOLD MEMBER ,265,13M(a),No,91,,100Ja(17),
92,"Assault & Battery on Family/Household Member Subsequent,  c265  ยง13M(b)",41,0,"ASSAULT & BATTERY ON FAMILY/HOUSEHOLD MEMBER SUBSEQUENT, ",265,13M(b),No,92,,100Ja(17),
93,"Assault on Family/Household Member, Subsequent,  c265  ยง13M(b)",6,0,"ASSAULT ON FAMILY/HOUSEHOLD MEMBER, SUBSEQUENT, ",265,13M(b),No,93,,100Ja(17),
94,"Assault in Violation of Restraining Order,  c265,s13A(b)(iii)",1,0,"ASSAULT IN VIOLATION OF RESTRAINING ORDER, ","265,",13A(b)(iii),No,94,1189 on Master Crime List offense with Expunge categories.xlsx from Sana,100Ja(18),
95,"AGGRAVATED RAPE &  ABUSE OF A CHILD, 5 YEAR AGE DIFFERENCE c265s23A(a)",74,0,"AGGRAVATED RAPE &  ABUSE OF A CHILD, 5 YEAR AGE DIFFERENCE",265,23A(a),No,95,1277 on Master Crime List offense with Expunge categories.xlsx from Sana,100Ja(18),
96,"AGGRAVATED RAPE &  ABUSE OF A CHILD, 10 YEAR AGE DIFFERENCE c265s23A(b)",21,0,"AGGRAVATED RAPE &  ABUSE OF A CHILD, 10 YEAR AGE DIFFERENCE",265,23A(b),No,96,1277 on Master Crime List offense with Expunge categories.xlsx from Sana,100Ja(18),
97,A&B ON +60/DISABLED  c265 ยง13K(a1/2),19,0,A&B ON +60/DISABLED ,265,13K(a1/2),No,97,1208 on Master Crime List offense with Expunge categories.xlsx from Sana,100Ja(18),
98,LARCENY FROM BUILDING c266 ยง20 - HABITUAL,2,0,LARCENY FROM BUILDING,266,20 - HABITUAL,yes,98,1332-1357 on Master Crime List offense with Expunge categories.xlsx from Sana,,
99,"STOLEN PROPERTY, REFUSE RETURN c266 ยง21",0,1,"STOLEN PROPERTY, REFUSE RETURN",266,21,yes,99,not in the list of non-expungable offenses.,,
100,"POULTRY, B&E OR ENTER TO STEAL c266 ยง22",0,1,"POULTRY, B&E OR ENTER TO STEAL",266,22,yes,100,not in the list of non-expungable offenses.,,
101,LARCENY FROM PERSON +65 c266 ยง25(a),14,50,LARCENY FROM PERSON +65,266,25(a),no,101,1358-1359 on Master Crime List offense with Expunge categories.xlsx from Sana,100Ja(4),
102,"LARCENY FROM PERSON +65, SUBSQ.OFF. c266 ยง25(a)",0,7,"LARCENY FROM PERSON +65, SUBSQ.OFF.",266,25(a),no,102,1358-1359 on Master Crime List offense with Expunge categories.xlsx from Sana,100Ja(4),
103,LARCENY FROM PERSON c266 ยง25(b),97,710,LARCENY FROM PERSON,266,25(b),yes,103,1357 on Master Crime List offense with Expunge categories.xlsx from Sana,,
104,"MOTOR VEH TO DEFRAUD, REMOVE c266 ยง27A",0,5,"MOTOR VEH TO DEFRAUD, REMOVE",266,27A,yes,104,not in the list of non-expungable offenses.,,
105,"LARCENY, ATTEMPTED c266 ยง30",0,11,"LARCENY, ATTEMPTED",266,30,yes,105,not in the list of non-expungable offenses.,,
106,LARCENY OVER $250 c. 266 s. 30,0,4,LARCENY OVER $250,266,30,yes,106,1370 on Master Crime List offense with Expunge categories.xlsx from Sana,,
107,"FIREARM, LARCENY OF c. 266 s. 30",0,1,"FIREARM, LARCENY OF",266,30,yes,107,1369 on Master Crime List offense with Expunge categories.xlsx from Sana,,
108,UNLAWFUL DEACTIVATION/REMOVAL THEFT PROTECTION DEVICE c266 ยง30B,0,2,UNLAWFUL DEACTIVATION/REMOVAL THEFT PROTECTION DEVICE,266,30B,yes,108,not in the list of non-expungable offenses.,,
109,Possession of a theft detection shielding device w/ intent to steal c266 ยง30B(b),1,0,POSSESSION OF A THEFT DETECTION SHIELDING DEVICE W/ INTENT TO STEAL,266,30B(b),yes,109,not in the list of non-expungable offenses.,,
110,Distribution of a theft device deactivator c266 ยง30B(c),3,0,DISTRIBUTION OF A THEFT DEVICE DEACTIVATOR,266,30B(c),yes,110,not in the list of non-expungable offenses.,,
111,Deactivation or removal of a theft detection w/ the intent to steal c266 ยง30B(e),26,0,DEACTIVATION OR REMOVAL OF A THEFT DETECTION W/ THE INTENT TO STEAL,266,30B(e),yes,111,not in the list of non-expungable offenses.,,
112,"Forging retail receipt, prict ticket, or UPC label w/ intent to defraud c266 ยง30C",15,0,"FORGING RETAIL RECEIPT, PRICT TICKET, OR UPC LABEL W/ INTENT TO DEFRAUD",266,30C,yes,112,not in the list of non-expungable offenses.,,
113,"LARCENY BY SINGLE SCHEME, ATTEMPTED c266 ยง30L",0,16,"LARCENY BY SINGLE SCHEME, ATTEMPTED",266,30L,yes,113,not in the list of non-expungable offenses.,,
114,"Larceny over $250, Habitual Crim, c266,s30",1,0,"LARCENY OVER $250, HABITUAL CRIM,","266,",30,yes,114,not in the list of non-expungable offenses.,,
115,"Shoplifting, c266,s30A",1,0,"SHOPLIFTING,","266,",30A,yes,115,not in the list of non-expungable offenses.,,
116,"SIGNATURE, OBTAINING BY FALSE PRETENSE c266 ยง31",2,1,"SIGNATURE, OBTAINING BY FALSE PRETENSE",266,31,yes,116,not in the list of non-expungable offenses.,,
117,"CREDIT CARD, FALSE STATEMENT TO OBTAIN c266 ยง37B(a)",5,18,"CREDIT CARD, FALSE STATEMENT TO OBTAIN",266,37B(a),yes,117,not in the list of non-expungable offenses.,,
118,"CREDIT CARD, LARCENY OF c266 ยง37B(b)",95,106,"CREDIT CARD, LARCENY OF",266,37B(b),yes,118,not in the list of non-expungable offenses.,,
119,"CREDIT CARD, RECEIVE STOLEN c266 ยง37B(b)",48,228,"CREDIT CARD, RECEIVE STOLEN",266,37B(b),yes,119,not in the list of non-expungable offenses.,,
120,"CREDIT CARD, RECEIVE LOST c266 ยง37B(c)",7,23,"CREDIT CARD, RECEIVE LOST",266,37B(c),yes,120,not in the list of non-expungable offenses.,,
121,"CREDIT CARD, NON-CARDHOLDER SIGN c266 ยง37B(e)",2,8,"CREDIT CARD, NON-CARDHOLDER SIGN",266,37B(e),yes,121,not in the list of non-expungable offenses.,,
122,"CREDIT CARD, IMPROPER USE UNDER $250  c266 ยง37B(f)",129,0,"CREDIT CARD, IMPROPER USE UNDER $250 ",266,37B(f),yes,122,not in the list of non-expungable offenses.,,
123,"CREDIT CARD, IMPROPER USE UNDER $1200  c266 ยง37B(f)",3,0,"CREDIT CARD, IMPROPER USE UNDER $1200 ",266,37B(f),yes,123,not in the list of non-expungable offenses.,,
124,"CREDIT CARD, IMPROPER USE UNDER $250 c266 ยง37B(f)",0,99,"CREDIT CARD, IMPROPER USE UNDER $250",266,37B(f),yes,124,not in the list of non-expungable offenses.,,
125,"CREDIT CARD, IMPROPER USE UNDER $1200 c266 ยง37B(f)",0,4,"CREDIT CARD, IMPROPER USE UNDER $1200",266,37B(f),yes,125,not in the list of non-expungable offenses.,,
126,CREDIT CARD FRAUD UNDER $250 c266 ยง37B(g),29,403,CREDIT CARD FRAUD UNDER $250,266,37B(g),yes,126,not in the list of non-expungable offenses.,,
127,CREDIT CARD FRAUD UNDER $1200 c266 ยง37B(g),9,12,CREDIT CARD FRAUD UNDER $1200,266,37B(g),yes,127,not in the list of non-expungable offenses.,,
128,"CREDIT CARD, ALLOW IMPROP USE UNDER $250 c266 ยง37B(h)",0,11,"CREDIT CARD, ALLOW IMPROP USE UNDER $250",266,37B(h),yes,128,not in the list of non-expungable offenses.,,
129,"CREDIT CARD, ALLOW IMPROP USE UNDER $1200 c266 ยง37B(h)",0,2,"CREDIT CARD, ALLOW IMPROP USE UNDER $1200",266,37B(h),yes,129,not in the list of non-expungable offenses.,,
130,CREDIT CARD FRAUD UNDER $250 BY MERCHANT c266 ยง37B(i),0,4,CREDIT CARD FRAUD UNDER $250 BY MERCHANT,266,37B(i),yes,130,not in the list of non-expungable offenses.,,
131,CREDIT CARD FRAUD UNDER $1200 BY MERCHANT c266 ยง37B(i),0,1,CREDIT CARD FRAUD UNDER $1200 BY MERCHANT,266,37B(i),yes,131,not in the list of non-expungable offenses.,,
132,"CREDIT CARD, RECEIVE IMPROP UNDER $250 c266 ยง37B(j)",2,18,"CREDIT CARD, RECEIVE IMPROP UNDER $250",266,37B(j),yes,132,not in the list of non-expungable offenses.,,
133,"CREDIT CARD, FALSE REPORT OF LOST c266 ยง37B(k)",0,3,"CREDIT CARD, FALSE REPORT OF LOST",266,37B(k),yes,133,not in the list of non-expungable offenses.,,
134,"CREDIT CARD, RECEIVE IMPROPER c266 ยง37C(b)",3,15,"CREDIT CARD, RECEIVE IMPROPER",266,37C(b),yes,134,not in the list of non-expungable offenses.,,
135,"CREDIT CARD, FORGE OR UTTER FORGED c266 ยง37C(c)",14,149,"CREDIT CARD, FORGE OR UTTER FORGED",266,37C(c),yes,135,not in the list of non-expungable offenses.,,
136,"CREDIT CARD, IMPROPER USE OVER $250 c266 ยง37C(d)",51,120,"CREDIT CARD, IMPROPER USE OVER $250",266,37C(d),yes,136,not in the list of non-expungable offenses.,,
137,"CREDIT CARD, IMPROPER USE OVER $1200 c266 ยง37C(d)",0,3,"CREDIT CARD, IMPROPER USE OVER $1200",266,37C(d),yes,137,not in the list of non-expungable offenses.,,
138,CREDIT CARD FRAUD OVER $250 c266 ยง37C(e),47,360,CREDIT CARD FRAUD OVER $250,266,37C(e),yes,138,not in the list of non-expungable offenses.,,
139,CREDIT CARD FRAUD OVER $1200 c266 ยง37C(e),2,8,CREDIT CARD FRAUD OVER $1200,266,37C(e),yes,139,not in the list of non-expungable offenses.,,
140,CREDIT CARD FRAUD OVER $250 BY MERCHANT c266 ยง37C(g),0,4,CREDIT CARD FRAUD OVER $250 BY MERCHANT,266,37C(g),yes,140,not in the list of non-expungable offenses.,,
141,"CREDIT CARD, RECEIVE IMPROP OVER $250 c266 ยง37C(h)",0,10,"CREDIT CARD, RECEIVE IMPROP OVER $250",266,37C(h),yes,141,not in the list of non-expungable offenses.,,
142,"CREDIT CARD, POSSESS BLANK c266 ยง37C(i)",0,7,"CREDIT CARD, POSSESS BLANK",266,37C(i),yes,142,not in the list of non-expungable offenses.,,
143,"CREDIT CARD, POSSESS COUNTERFEIT PRESS c266 ยง37C(j)",0,23,"CREDIT CARD, POSSESS COUNTERFEIT PRESS",266,37C(j),yes,143,not in the list of non-expungable offenses.,,
144,"TELEPHONE CREDIT CARD SYSTEM, PUBLISH c266 ยง37D",3,0,"TELEPHONE CREDIT CARD SYSTEM, PUBLISH",266,37D,yes,144,not in the list of non-expungable offenses.,,
145,IDENTITY FRAUD c266 ยง37E,76,541,IDENTITY FRAUD,266,37E,yes,145,not in the list of non-expungable offenses.,,
146,"DEFRAUDING, POSE AS ANOTHER W/O EXPRESS AUTHORIZATION c. 266 s. 37E",0,1,"DEFRAUDING, POSE AS ANOTHER W/O EXPRESS AUTHORIZATION",266,37E,yes,146,not in the list of non-expungable offenses.,,
147,"WILL, STEAL/DESTROY/CONCEAL c266 ยง39",0,3,"WILL, STEAL/DESTROY/CONCEAL",266,39,yes,147,not in the list of non-expungable offenses.,,
148,"THIEF, COMMON & NOTORIOUS c266 ยง40",30,92,"THIEF, COMMON & NOTORIOUS",266,40,yes,148,not in the list of non-expungable offenses.,,
149,"THIEF, COMMON & NOTORIOUS-HABITUAL c266 ยง40",2,0,"THIEF, COMMON & NOTORIOUS-HABITUAL",266,40,yes,149,not in the list of non-expungable offenses.,,
150,"LARCENY OVER $250, COMMON AND NOTORIOUS THIEF c266 ยง40",1,0,"LARCENY OVER $250, COMMON AND NOTORIOUS THIEF",266,40,yes,150,not in the list of non-expungable offenses.,,
151,"BICYCLE, LARCENY OF, SUBSQ.OFF. c266 ยง41",0,3,"BICYCLE, LARCENY OF, SUBSQ.OFF.",266,41,yes,151,not in the list of non-expungable offenses.,,
152,"BANK BILL PAPER, LARCENY OF c266 ยง42",0,1,"BANK BILL PAPER, LARCENY OF",266,42,yes,152,not in the list of non-expungable offenses.,,
153,"BANK, EMBEZZLEMENT FROM c266 ยง52",0,2,"BANK, EMBEZZLEMENT FROM",266,52,yes,153,not in the list of non-expungable offenses.,,
154,"BANK OFFICER/EMPLOYEE, MISCONDUCT BY c266 ยง53A",1,0,"BANK OFFICER/EMPLOYEE, MISCONDUCT BY",266,53A,yes,154,not in the list of non-expungable offenses.,,
155,"FIDUCIARY, EMBEZZLEMENT/MISAPPLICATN BY c266 ยง57",2,56,"FIDUCIARY, EMBEZZLEMENT/MISAPPLICATN BY",266,57,yes,155,not in the list of non-expungable offenses.,,
156,"TRADE SECRET, BUY/SELL/RECEIVE STOLEN c266 ยง60A",0,2,"TRADE SECRET, BUY/SELL/RECEIVE STOLEN",266,60A,yes,156,not in the list of non-expungable offenses.,,
157,"TRADE SECRET, BUY/SELL/RECEIVE STOLEN c. 266 s. 60A",0,1,"TRADE SECRET, BUY/SELL/RECEIVE STOLEN",266,60A,yes,157,not in the list of non-expungable offenses.,,
158,"RECEIVER, COMMON c266 ยง62",2,3,"RECEIVER, COMMON",266,62,yes,158,not in the list of non-expungable offenses.,,
159,"HIRING VEHICLE, FRAUD IN c266 ยง64",1,7,"HIRING VEHICLE, FRAUD IN",266,64,yes,159,not in the list of non-expungable offenses.,,
160,"BOOKS, FALSIFY/OMIT ENTRY IN c266 ยง67",1,27,"BOOKS, FALSIFY/OMIT ENTRY IN",266,67,yes,160,not in the list of non-expungable offenses.,,
161,FALSE CLAIM TO GOVERNMENT AGENCY c266 ยง67B,0,7,FALSE CLAIM TO GOVERNMENT AGENCY,266,67B,yes,161,not in the list of non-expungable offenses.,,
162,"GOLD, FRAUD IN FINENESS OF c266 ยง78",0,2,"GOLD, FRAUD IN FINENESS OF",266,78,yes,162,not in the list of non-expungable offenses.,,
163,"LEASED PERSONALTY, SELL c266 ยง84",1,0,"LEASED PERSONALTY, SELL",266,84,yes,163,not in the list of non-expungable offenses.,,
164,"LEASED PERSONALTY, FAIL RETURN c266 ยง87",7,27,"LEASED PERSONALTY, FAIL RETURN",266,87,yes,164,not in the list of non-expungable offenses.,,
165,"LEASED PERSONALTY, CONCEAL/SELL/PLEDGE c266 ยง87",0,12,"LEASED PERSONALTY, CONCEAL/SELL/PLEDGE",266,87,yes,165,not in the list of non-expungable offenses.,,
166,"CONSIGNEE/FACTOR, CONVERSION BY c266 ยง88",0,1,"CONSIGNEE/FACTOR, CONVERSION BY",266,88,yes,166,not in the list of non-expungable offenses.,,
167,"DEGREE, FALSE CLAIM TO HOLD SCHOOL c266 ยง89",0,2,"DEGREE, FALSE CLAIM TO HOLD SCHOOL",266,89,yes,167,not in the list of non-expungable offenses.,,
168,"FINANCIAL STATEMENT, PUBLISH FALSE c266 ยง92",0,1,"FINANCIAL STATEMENT, PUBLISH FALSE",266,92,yes,168,not in the list of non-expungable offenses.,,
169,"BUILDING, VANDALIZE c266 ยง94",0,1,"BUILDING, VANDALIZE",266,94,yes,169,not in the list of non-expungable offenses.,,
170,"HISTORIC MARKER/MONUMENT, VANDALIZE c266 ยง95",3,0,"HISTORIC MARKER/MONUMENT, VANDALIZE",266,95,yes,170,not in the list of non-expungable offenses.,,
171,"STATE BUILDING, VANDALIZE c266 ยง96",5,15,"STATE BUILDING, VANDALIZE",266,96,yes,171,not in the list of non-expungable offenses.,,
172,"PLAYGROUND EQUIPMENT, VANDALIZE c266 ยง98A",0,1,"PLAYGROUND EQUIPMENT, VANDALIZE",266,98A,yes,172,not in the list of non-expungable offenses.,,
173,"LIBRARY MATERIALS, FAIL RETURN c266 ยง99A",19,0,"LIBRARY MATERIALS, FAIL RETURN",266,99A,yes,173,not in the list of non-expungable offenses.,,
174,TRESPASS WITH NON-MV VEHICLE  c266 ยง121A,4,0,TRESPASS WITH NON-MV VEHICLE ,266,121A,yes,174,not in the list of non-expungable offenses.,,
175,"TRADE SECRET, LARCENY OF c266 ยง30(4)",0,1,"TRADE SECRET, LARCENY OF",266,30(4),yes,175,not in the list of non-expungable offenses.,,
176,FILING FALSE DOCUMENT WITH REGISTRAR OF DEEDS c266 ยง35/A(b)4,0,2,FILING FALSE DOCUMENT WITH REGISTRAR OF DEEDS,266,35/A(b)4,yes,176,not in the list of non-expungable offenses.,,
177,"IDENTITY FRAUD, POSSESS TOOLS W/INTENT c266 ยง37Ec1/2",0,2,"IDENTITY FRAUD, POSSESS TOOLS W/INTENT",266,37Ec1/2,yes,177,not in the list of non-expungable offenses.,,
178,LARCENY UNDER $250 BY SINGLE SCHEME c266 ยง30 & ยง30(1),25,82,LARCENY UNDER $250 BY SINGLE SCHEME,266,30 & ยง30(1),yes,178,not in the list of non-expungable offenses.,,
179,LARCENY UNDER $1200 BY SINGLE SCHEME c266 ยง30 & ยง30(1),8,0,LARCENY UNDER $1200 BY SINGLE SCHEME,266,30 & ยง30(1),yes,179,not in the list of non-expungable offenses.,,
180,LARCENY OVER $250 BY BOAT CAPTAIN  c266 ยง32 & ยง30(1),1,0,LARCENY OVER $250 BY BOAT CAPTAIN ,266,32 & ยง30(1),yes,180,not in the list of non-expungable offenses.,,
181,LARCENY OVER $250 BY BOAT CAPTAIN c266 ยง32 & ยง30(1),0,1,LARCENY OVER $250 BY BOAT CAPTAIN,266,32 & ยง30(1),yes,181,not in the list of non-expungable offenses.,,
182,LARCENY OVER $250 BY FALSE PRETENSE c266 ยง34 & ยง30(1),39,110,LARCENY OVER $250 BY FALSE PRETENSE,266,34 & ยง30(1),yes,182,not in the list of non-expungable offenses.,,
183,LARCENY UNDER $250 BY FALSE PRETENSE c266 ยง34 & ยง30(1),34,45,LARCENY UNDER $250 BY FALSE PRETENSE,266,34 & ยง30(1),yes,183,not in the list of non-expungable offenses.,,
184,LARCENY UNDER $1200 BY FALSE PRETENSE c266 ยง34 & ยง30(1),2,0,LARCENY UNDER $1200 BY FALSE PRETENSE,266,34 & ยง30(1),yes,184,not in the list of non-expungable offenses.,,
185,LARCENY OVER $1200 BY FALSE PRETENSE c266 ยง34 & 30(1),1,0,LARCENY OVER $1200 BY FALSE PRETENSE,266,34 & 30(1),yes,185,not in the list of non-expungable offenses.,,
186,LARCENY BY CHECK OVER $250 c266 ยง37 & ยง30(1),90,357,LARCENY BY CHECK OVER $250,266,37 & ยง30(1),yes,186,not in the list of non-expungable offenses.,,
187,LARCENY BY CHECK UNDER $250 c266 ยง37 & ยง30(1),60,133,LARCENY BY CHECK UNDER $250,266,37 & ยง30(1),yes,187,not in the list of non-expungable offenses.,,
188,LARCENY BY CHECK OVER $1200 c266 ยง37 & ยง30(1),1,7,LARCENY BY CHECK OVER $1200,266,37 & ยง30(1),yes,188,not in the list of non-expungable offenses.,,
189,LARCENY BY CHECK UNDER $1200 c266 ยง37 & ยง30(1),0,1,LARCENY BY CHECK UNDER $1200,266,37 & ยง30(1),yes,189,not in the list of non-expungable offenses.,,
190,ASSOCIATION OFFICER EMBEZZLE +$250 c266 ยง58 & ยง30(1),0,6,ASSOCIATION OFFICER EMBEZZLE +$250,266,58 & ยง30(1),yes,190,not in the list of non-expungable offenses.,,
191,FALSE PRETENSE IN COMMER TRANSACTN +$250 c266 ยง33(1) & ยง30(1),0,9,FALSE PRETENSE IN COMMER TRANSACTN +$250,266,33(1) & ยง30(1),yes,191,not in the list of non-expungable offenses.,,
192,FALSE PRETENSE IN COMMER TRANSACTN -$250 c266 ยง33(1) & ยง30(1),0,1,FALSE PRETENSE IN COMMER TRANSACTN -$250,266,33(1) & ยง30(1),yes,192,not in the list of non-expungable offenses.,,
193,CREDIT +$250 BY FALSE FINANCIAL STATEMNT c266 ยง33(2) & ยง30(1),0,1,CREDIT +$250 BY FALSE FINANCIAL STATEMNT,266,33(2) & ยง30(1),yes,193,not in the list of non-expungable offenses.,,
194,ATTEMPTED LARCENY FROM +60/DISABLED c266 ยง30(5) & c274 ยง6,1,0,ATTEMPTED LARCENY FROM +60/DISABLED,266,30(5) & c274 ยง6,yes,194,not in the list of non-expungable offenses.,,
195,"ADMISSION TICKET, FORGE c267 ยง2",0,6,"ADMISSION TICKET, FORGE",267,2,yes,195,not in the list of non-expungable offenses.,,
196,MONEY LAUNDERING c267A ยง2,0,174,MONEY LAUNDERING,267A,2,yes,196,not in the list of non-expungable offenses.,,
197,"ADMISSION TICKET, UTTER FALSE c267 ยง6",0,6,"ADMISSION TICKET, UTTER FALSE",267,6,yes,197,not in the list of non-expungable offenses.,,
198,FORGERY OF BANK NOTE c267 ยง8,0,11,FORGERY OF BANK NOTE,267,8,yes,198,not in the list of non-expungable offenses.,,
199,"COUNTERFEIT NOTES, COMMON UTTERER OF c267 ยง11",0,3,"COUNTERFEIT NOTES, COMMON UTTERER OF",267,11,yes,199,not in the list of non-expungable offenses.,,
200,"COUNTERFEITING EQUIPMENT, POSSESS c267 ยง13",0,4,"COUNTERFEITING EQUIPMENT, POSSESS",267,13,yes,200,not in the list of non-expungable offenses.,,
201,"COUNTERFEITING EQUIPMENT, MANUFACTURE c267 ยง13",0,2,"COUNTERFEITING EQUIPMENT, MANUFACTURE",267,13,yes,201,not in the list of non-expungable offenses.,,
202,COUNTERFEIT COIN c267 ยง17,0,2,COUNTERFEIT COIN,267,17,yes,202,not in the list of non-expungable offenses.,,
203,MONEY LAUNDERING c267A ยง2(1),23,0,MONEY LAUNDERING,267A,2(1),yes,203,not in the list of non-expungable offenses.,,
204,"NOTES, POSSESS WORTHLESS/FALSE c267 ยง27",1,0,"NOTES, POSSESS WORTHLESS/FALSE",267,27,yes,204,not in the list of non-expungable offenses.,,
205,UTTER WORTHLESS/FALSE NOTE c267 ยง28,3,13,UTTER WORTHLESS/FALSE NOTE,267,28,yes,205,not in the list of non-expungable offenses.,,
206,"COUNTERFEIT NOTES, POSSESS 10 c267 ยง9",0,51,"COUNTERFEIT NOTES, POSSESS 10",267,10 c267 ยง9,yes,206,not in the list of non-expungable offenses.,,
207,"COUNTERFEIT COINS, POSSESS 10 c267 ยง17",0,1,"COUNTERFEIT COINS, POSSESS 10",267,10 c267 ยง17,yes,207,not in the list of non-expungable offenses.,,
208,FALSE STATEMENT UNDER PENALTY OF PERJURY c268 ยง1A,65,15,FALSE STATEMENT UNDER PENALTY OF PERJURY,268,1A,yes,208,not in the list of non-expungable offenses.,,
209,"PUBLIC EMPLOYEE, BRIBE c268A ยง2(a)",0,2,"PUBLIC EMPLOYEE, BRIBE",268A,2(a),yes,209,not in the list of non-expungable offenses.,,
210,PUBLIC EMPLOYEE ACCEPT/SOLICIT BRIBE c268A ยง2(b),0,42,PUBLIC EMPLOYEE ACCEPT/SOLICIT BRIBE,268A,2(b),yes,210,not in the list of non-expungable offenses.,,
211,PUBLIC EMPLOYEE ACCEPT/SOLICIT GIFT c268A ยง3(b),0,14,PUBLIC EMPLOYEE ACCEPT/SOLICIT GIFT,268A,3(b),yes,211,not in the list of non-expungable offenses.,,
212,"PUBLIC EMPLOYEE, FALSE REPORT BY c268 ยง6A",1,4,"PUBLIC EMPLOYEE, FALSE REPORT BY",268,6A,yes,212,not in the list of non-expungable offenses.,,
213,"RETURN BY PROCESS SERVER, FALSE c268 ยง6B",0,1,"RETURN BY PROCESS SERVER, FALSE",268,6B,yes,213,not in the list of non-expungable offenses.,,
214,"PUBLIC EMPLOYEE FIN STATEMENT, FALSE c268B ยง7",0,1,"PUBLIC EMPLOYEE FIN STATEMENT, FALSE",268B,7,yes,214,not in the list of non-expungable offenses.,,
215,"POLICE, MISLEADING c268 ยง13",0,6,"POLICE, MISLEADING",268,13,yes,215,not in the list of non-expungable offenses.,,
216,"JUROR, BRIBE c268 ยง13",0,4,"JUROR, BRIBE",268,13,yes,216,not in the list of non-expungable offenses.,,
217,"JUROR, ATTEMPT TO BRIBE c268 ยง13",0,2,"JUROR, ATTEMPT TO BRIBE",268,13,yes,217,not in the list of non-expungable offenses.,,
218,"PROSECUTOR, MISLEADING c268 ยง13",0,1,"PROSECUTOR, MISLEADING",268,13,yes,218,not in the list of non-expungable offenses.,,
219,"COURT/JUDGE/JUROR, PICKETING c268 ยง13A",0,1,"COURT/JUDGE/JUROR, PICKETING",268,13A,yes,219,not in the list of non-expungable offenses.,,
220,"WITNESS, INTIMIDATE c268 ยง13B",947,2654,"WITNESS, INTIMIDATE",268,13B,yes,220,not in the list of non-expungable offenses.,,
221,"WITNESS/JUROR/POLICE/COURT OFFICIAL, INTIMIDATE AGGRAVATED c268 ยง13B",2,0,"WITNESS/JUROR/POLICE/COURT OFFICIAL, INTIMIDATE AGGRAVATED",268,13B,yes,221,not in the list of non-expungable offenses.,,
222,"WITNESS/JUROR/POLICE/COURT OFF, INTIMIDATE c268 ยง13B",0,99,"WITNESS/JUROR/POLICE/COURT OFF, INTIMIDATE",268,13B,yes,222,not in the list of non-expungable offenses.,,
223,"JUROR, INTIMIDATE c268 ยง13B",0,5,"JUROR, INTIMIDATE",268,13B,yes,223,not in the list of non-expungable offenses.,,
224,"JUROR/WITNESS, INTIMIDATE OR RETALIATE c. 268 s. 13B",0,5,"JUROR/WITNESS, INTIMIDATE OR RETALIATE",268,13B,yes,224,not in the list of non-expungable offenses.,,
225,"WITNESS/JUROR/POLICE/COURT OFF, INTIMIDATE AGGRAVATED c268 ยง13B",0,4,"WITNESS/JUROR/POLICE/COURT OFF, INTIMIDATE AGGRAVATED",268,13B,yes,225,not in the list of non-expungable offenses.,,
226,"WITNESS, RETALIATE AGAINST c268 ยง13B",0,1,"WITNESS, RETALIATE AGAINST",268,13B,yes,226,not in the list of non-expungable offenses.,,
227,"WITNESS, INTIMIDATE c268 ยง13B-HABITUAL",2,0,"WITNESS, INTIMIDATE",268,13B-HABITUAL,yes,227,not in the list of non-expungable offenses.,,
228,"CRIMINAL PROCEEDING, WITHHOLD EVIDENCE FROM c268 ยง13E",0,48,"CRIMINAL PROCEEDING, WITHHOLD EVIDENCE FROM",268,13E,yes,228,not in the list of non-expungable offenses.,,
229,"Mislead a Police Officer, c268,s13B",38,0,"MISLEAD A POLICE OFFICER,","268,",13B,yes,229,not in the list of non-expungable offenses.,,
230,"COUNTY EMPLOYEE, CONFLICT OF INTEREST c. 268A s. 13",0,1,"COUNTY EMPLOYEE, CONFLICT OF INTEREST",268A,13,yes,230,not in the list of non-expungable offenses.,,
231,"JUROR, EMPLOYER DISCHARGE c268 ยง14A",1,0,"JUROR, EMPLOYER DISCHARGE",268,14A,yes,231,not in the list of non-expungable offenses.,,
232,"ESCAPE, VOLUNTARILY PERMIT PRISONER TO c268 ยง18",0,1,"ESCAPE, VOLUNTARILY PERMIT PRISONER TO",268,18,yes,232,not in the list of non-expungable offenses.,,
233,PRISON GUARD HAVE SEX RELATIONS W/PRISONER c268 ยง21A,0,3,PRISON GUARD HAVE SEX RELATIONS W/PRISONER,268,21A,yes,233,not in the list of non-expungable offenses.,,
234,"CORRECTIONAL INSTITUTION, DISTURB c268 ยง30",9,194,"CORRECTIONAL INSTITUTION, DISTURB",268,30,yes,234,not in the list of non-expungable offenses.,,
235,"PRISONER, DELIVER ARTICLE TO c268 ยง31",0,8,"PRISONER, DELIVER ARTICLE TO",268,31,yes,235,not in the list of non-expungable offenses.,,
236,"BADGE, USE WITHOUT AUTHORITY c268 ยง35",0,2,"BADGE, USE WITHOUT AUTHORITY",268,35,yes,236,not in the list of non-expungable offenses.,,
237,"MOTOR VEH THEFT, FALSE REPORT OF c268 ยง39",3,15,"MOTOR VEH THEFT, FALSE REPORT OF",268,39,yes,237,not in the list of non-expungable offenses.,,
238,"RIOT, OFFICIAL FAIL DISPERSE c269 ยง3",0,1,"RIOT, OFFICIAL FAIL DISPERSE",269,3,yes,238,not in the list of non-expungable offenses.,,
239,"FIREARM, CARRY WITHOUT LICENSE LOADED, 2ND OFF. c269 ยง10",0,46,"FIREARM, CARRY WITHOUT LICENSE LOADED, 2ND OFF.",269,10,no,239,,100J(a)19 - Ch 269 S10 a-d violation,
240,"CHEMICAL MACE WITHOUT FID CARD, POSSESS c269 ยง10",0,26,"CHEMICAL MACE WITHOUT FID CARD, POSSESS",269,10,no,240,,100J(a)19 - Ch 269 S10 a-d violation,
241,ARMED CAREER CRIMINAL c269 ยง10,0,1,ARMED CAREER CRIMINAL,269,10,no,241,,100J(a)19 - Ch 269 S10 a-d violation,
242,"FIREARM, CARRY WITHOUT LICENSE, 2ND OFF. c269 ยง10(a) & (d)",2,790,"FIREARM, CARRY WITHOUT LICENSE, 2ND OFF.",269,10(a) & (d),no,242,,100J(a)19 - Ch 269 S10 a-d violation,
243,"FIREARM, CARRY WITHOUT LICENSE, 3RD OFF. c269 ยง10(a) & (d)",1,106,"FIREARM, CARRY WITHOUT LICENSE, 3RD OFF.",269,10(a) & (d),no,243,,100J(a)19 - Ch 269 S10 a-d violation,
244,"FIREARM, CARRY WITHOUT LICENSE, 4TH OFF. c269 ยง10(a) & (d)",0,19,"FIREARM, CARRY WITHOUT LICENSE, 4TH OFF.",269,10(a) & (d),no,244,,100J(a)19 - Ch 269 S10 a-d violation,
245,"FIREARM, CARRY WITHOUT LICENSE LOADED, c269 ยง10(a)(n)",9,0,"FIREARM, CARRY WITHOUT LICENSE LOADED,",269,10(a)(n),no,245,,100J(a)19 - Ch 269 S10 a-d violation,
246,"DANGEROUS WEAPON, CARRY, 2ND OFF. c269 ยง10(b) & (d)",1,62,"DANGEROUS WEAPON, CARRY, 2ND OFF.",269,10(b) & (d),no,246,,100J(a)19 - Ch 269 S10 a-d violation,
247,"DANGEROUS WEAPON, CARRY, 4TH OFF. c269 ยง10(b) & (d)",0,24,"DANGEROUS WEAPON, CARRY, 4TH OFF.",269,10(b) & (d),no,247,,100J(a)19 - Ch 269 S10 a-d violation,
248,"DANGEROUS WEAPON, CARRY, 3RD OFF. c269 ยง10(b) & (d)",0,14,"DANGEROUS WEAPON, CARRY, 3RD OFF.",269,10(b) & (d),no,248,,100J(a)19 - Ch 269 S10 a-d violation,
249,"SHOTGUN, POSSESS SAWED-OFF, 2ND OFF. c269 ยง10(c) & (d)",0,19,"SHOTGUN, POSSESS SAWED-OFF, 2ND OFF.",269,10(c) & (d),no,249,,100J(a)19 - Ch 269 S10 a-d violation,
250,"SHOTGUN, POSSESS SAWED-OFF, 3RD OFF. c269 ยง10(c) & (d)",0,11,"SHOTGUN, POSSESS SAWED-OFF, 3RD OFF.",269,10(c) & (d),no,250,,100J(a)19 - Ch 269 S10 a-d violation,
251,"MACHINE GUN, POSSESS, 2ND OFF. c269 ยง10(c) & (d)",0,2,"MACHINE GUN, POSSESS, 2ND OFF.",269,10(c) & (d),no,251,,100J(a)19 - Ch 269 S10 a-d violation,
252,"MACHINE GUN, POSSESS LOADED, 4TH OFF c269 s10(c)(d)(n)",1,0,"MACHINE GUN, POSSESS LOADED, 4TH OFF",269,10(c)(d)(n),no,252,,100J(a)19 - Ch 269 S10 a-d violation,
253,"FIREARM WITHOUT FID CARD, POSSESS c269 ยง10(h)",33,1287,"FIREARM WITHOUT FID CARD, POSSESS",269,10(h),yes,253,1465 on Master Crime List offense with Expunge categories.xlsx from Sana,,
254,"FIREARM WITHOUT FID CARD, SUBSQ.OFF. c269 ยง10(h)",7,151,"FIREARM WITHOUT FID CARD, SUBSQ.OFF.",269,10(h),yes,254,1466 on Master Crime List offense with Expunge categories.xlsx from Sana,,
255,"AMMUNITION, POSSESS c269 ยง10(h)",0,1315,"AMMUNITION, POSSESS",269,10(h),yes,255,1465 on Master Crime List offense with Expunge categories.xlsx from Sana,,
256,"SHOTGUN, POSSESS c269 ยง10(h)",0,11,"SHOTGUN, POSSESS",269,10(h),yes,256,1465 on Master Crime List offense with Expunge categories.xlsx from Sana,,
257,"FIREARM W/O FID CARD, POSSESS c. 269 s. 10(h)",0,3,"FIREARM W/O FID CARD, POSSESS",269,10(h),yes,257,1465 on Master Crime List offense with Expunge categories.xlsx from Sana,,
258,"AMMUNITION, POSSESS WO FID CARD c269 ยง10/TT",0,1816,"AMMUNITION, POSSESS WO FID CARD",269,10/TT,m,258,"there is no 10/tt. Sana indicated it would not be expungable, as a violation of c269 s10(a). under 100Ja(19), which states, any offense in violation of paragraph (a), (b), (c) or (d) of section 10 of chapter 269. however, this pertains to firearms, not ammunition. ammunition is mentioned in paragraphs that are expungable. ",,analyze with and without
259,"AMMUNITION, POSSESS WO FID CARD, SUBSQ.OFF. c269 ยง10/TT",0,82,"AMMUNITION, POSSESS WO FID CARD, SUBSQ.OFF.",269,10/TT,m,259,"there is no 10/tt. Sana indicated it would not be expungable, as a violation of c269 s10(a). under 100Ja(19), which states, any offense in violation of paragraph (a), (b), (c) or (d) of section 10 of chapter 269. however, this pertains to firearms, not ammunition. ammunition is mentioned in paragraphs that are expungable. ",,analyze with and without
260,"SILENCER, SELL/USE/POSSESS FIREARM c269 ยง10A",2,6,"SILENCER, SELL/USE/POSSESS FIREARM",269,10A,no,260,,100J(a)19 - Ch 269 S10 a-d violation,
261,"TEAR GAS/MACE, USE IN CRIME c269 ยง10C",0,3,"TEAR GAS/MACE, USE IN CRIME",269,10C,yes,261,not in the list of non-expungable offenses. 10C is a different section from 10ฉ,,
262,"FIREARM, CARRYING LOADED c269 ยง10EE",0,2035,"FIREARM, CARRYING LOADED",269,10EE,no,262,"there is no 10EE. Sana indicated it would not be expungable, as a violation of c269 s10(a). under 100Ja(19), which states, any offense in violation of paragraph (a), (b), (c) or (d) of section 10 of chapter 269. ",,analyze with and without
263,"FIREARM, SELL/TRANSFER LARGE CAPACITY c269 ยง10F(a)",0,6,"FIREARM, SELL/TRANSFER LARGE CAPACITY",269,10F(a),m,263,"not in the list of non-expungable offenses. 10F is not in the list of ineligible sections of c269. Sana  indicated it would not be expungable, but a deeper look might be worht it.",100J(a)19 - Ch 269 S10 a-d violation,analyze with and without
264,"FIREARM TO MINOR, SELL/TRANSFER LARGE CAPACITY c269 ยง10F(b)",0,2,"FIREARM TO MINOR, SELL/TRANSFER LARGE CAPACITY",269,10F(b),m,264,"not in the list of non-expungable offenses. 10F is not in the list of ineligible sections of c269. Sana  indicated it would not be expungable, but a deeper look might be worht it.",,analyze with and without
265,FIREARM VIOL WITH 1 PRIOR VIOLENT/DRUG CRIME c269 ยง10G(a),11,295,FIREARM VIOL WITH 1 PRIOR VIOLENT/DRUG CRIME,269,10G(a),no,265,this is a combination of having violated Ch 269 S10 a-d and having been previously convicted of a violent crime or of a serious drug offense,100J(a)19 - Ch 269 S10 a-d violation,
266,FIREARM VIOL WITH 2 PRIOR VIOLENT/DRUG CRIMES c269 ยง10G(b),11,154,FIREARM VIOL WITH 2 PRIOR VIOLENT/DRUG CRIMES,269,10G(b),no,266,this is a combination of having violated Ch 269 S10 a-d and having been previously convicted of a violent crime or of a serious drug offense,100J(a)19 - Ch 269 S10 a-d violation,
267,FIREARM VIOL WITH 3 PRIOR VIOLENT/DRUG CRIMES c269 ยง10G(c),8,217,FIREARM VIOL WITH 3 PRIOR VIOLENT/DRUG CRIMES,269,10G(c),no,267,this is a combination of having violated Ch 269 S10 a-d and having been previously convicted of a violent crime or of a serious drug offense,100J(a)19 - Ch 269 S10 a-d violation,
268,"FIREARM, INTOXICATED LICENSEE CARRY c269 ยง10H",29,36,"FIREARM, INTOXICATED LICENSEE CARRY",269,10H,yes,268,not in the list of non-expungable offenses.,,
269,"AMMUNITION, POSSESSION OF c. 269 s. 10H",0,4,"AMMUNITION, POSSESSION OF",269,10H,yes,269,not in the list of non-expungable offenses.,,
270,"FIREARM, CARRY WITHOUT LICENSE LOADED, 2ND OFF, C269,S10(a)(d)(n)",1,0,"FIREARM, CARRY WITHOUT LICENSE LOADED, 2ND OFF, C269,S10(A)(D)(N)","269,",10(a)(d)(n),no,270,,100J(a)19 - Ch 269 S10 a-d violation,
271,"RIFLE/SHOTGUN ON WAY, CARRY LOADED c269 ยง12D",0,1,"RIFLE/SHOTGUN ON WAY, CARRY LOADED",269,12D,yes,271,1484 on Master Crime List offense with Expunge categories.xlsx from Sana,,
272,AIRPORT SECURITY VIOLATION c269 ยง12F,0,17,AIRPORT SECURITY VIOLATION,269,12F,yes,272,not in the list of non-expungable offenses.,,
273,"BOMB THREAT, FALSE c269 ยง14(a)",8,41,"BOMB THREAT, FALSE",269,14(a),yes,273,1490 on Master Crime List offense with Expunge categories.xlsx from Sana,,
274,"FIREARMS, DISTRIBUTION OF c269 ยง10E(1)",0,1,"FIREARMS, DISTRIBUTION OF",269,10E(1),no,274,,100J(a)20 - Ch 269 S10E violation,
275,"HARMFUL SUBSTANCE, PEDDLE c270 ยง3",0,21,"HARMFUL SUBSTANCE, PEDDLE",270,3,yes,275,not in the list of non-expungable offenses.,,
276,"CIGARETTES TO MINOR, DELIVER c270 ยง6",0,1,"CIGARETTES TO MINOR, DELIVER",270,6,yes,276,not in the list of non-expungable offenses.,,
277,"ARSENIC TEST, FAIL FURNISH SAMPLE FOR c270 ยง11",0,1,"ARSENIC TEST, FAIL FURNISH SAMPLE FOR",270,11,yes,277,not in the list of non-expungable offenses.,,
278,"TRASH, LITTER c270 ยง16",25,29,"TRASH, LITTER",270,16,yes,278,not in the list of non-expungable offenses.,,
279,"TRASH, LITTER FROM MV c270 ยง16",25,32,"TRASH, LITTER FROM MV",270,16,yes,279,not in the list of non-expungable offenses.,,
280,"TRASH, DUMP FROM MV +7 CU FT c270 ยง16",9,2,"TRASH, DUMP FROM MV +7 CU FT",270,16,yes,280,not in the list of non-expungable offenses.,,
281,GAMING IN PUBLIC/TRESPASSING c271 ยง2,0,4,GAMING IN PUBLIC/TRESPASSING,271,2,yes,280,not in the list of non-expungable offenses.,,
282,"GAMING HOUSE, KEEP COMMON c271 ยง5",0,5,"GAMING HOUSE, KEEP COMMON",271,5,yes,280,not in the list of non-expungable offenses.,,
283,"LOTTERY, SET UP/PROMOTE c271 ยง7",0,5,"LOTTERY, SET UP/PROMOTE",271,7,yes,280,not in the list of non-expungable offenses.,,
284,"LOTTERY, SET UP/PROMOTE, SUBSQ.OFF. c271 ยง7",0,1,"LOTTERY, SET UP/PROMOTE, SUBSQ.OFF.",271,7,yes,280,not in the list of non-expungable offenses.,,
285,RAFFLE/BAZAAR VIOLATION c271 ยง7A,0,1,RAFFLE/BAZAAR VIOLATION,271,7A,yes,280,not in the list of non-expungable offenses.,,
286,"GAMING ENTERPRISE, MANAGE c271 ยง16A",0,3,"GAMING ENTERPRISE, MANAGE",271,16A,yes,280,not in the list of non-expungable offenses.,,
287,"BETTING, TAKE/ALLOW/PRESENT AT c271 ยง17",0,9,"BETTING, TAKE/ALLOW/PRESENT AT",271,17,yes,280,not in the list of non-expungable offenses.,,
288,"BETTING, TAKE/ALLOW/PRESENT AT,SUBSQ.OFF c271 ยง17",0,1,"BETTING, TAKE/ALLOW/PRESENT AT,SUBSQ.OFF",271,17,yes,280,not in the list of non-expungable offenses.,,
289,USURY c271 ยง49(a) or (b),0,14,USURY,271,49(a) or (b),yes,280,not in the list of non-expungable offenses.,,
290,"MARRIAGE, ABDUCT PERSON -16 FOR SECRET c. 272 s. 1",0,2,"MARRIAGE, ABDUCT PERSON -16 FOR SECRET",272,1,yes,290,not in the list of non-expungable offenses.,,
291,"PROSTITUTION, MAINTAIN HOUSE OF c272 ยง6",0,11,"PROSTITUTION, MAINTAIN HOUSE OF",272,6,yes,291,not in the list of non-expungable offenses.,,
292,"PROSTITUTION, KEEP HOUSE OF c272 ยง24",11,16,"PROSTITUTION, KEEP HOUSE OF",272,24,yes,292,not in the list of non-expungable offenses.,,
293,"RELIGIOUS SERVICE, DISTURB c272 ยง38",0,1,"RELIGIOUS SERVICE, DISTURB",272,38,yes,292,not in the list of non-expungable offenses.,,
294,"FUNERAL PROCESSION, DISTURB c272 ยง42",0,6,"FUNERAL PROCESSION, DISTURB",272,42,yes,292,not in the list of non-expungable offenses.,,
295,"FUNERAL SERVICE, DISTURB c272 ยง42A",0,1,"FUNERAL SERVICE, DISTURB",272,42A,yes,292,not in the list of non-expungable offenses.,,
296,SEXUAL CONDUCT FOR FEE c272 ยง53A,14,404,SEXUAL CONDUCT FOR FEE,272,53A,yes,292,not in the list of non-expungable offenses.,,
297,"SEXUAL CONDUCT, PAY FOR c272 ยง53A",1,168,"SEXUAL CONDUCT, PAY FOR",272,53A,yes,292,not in the list of non-expungable offenses.,,
298,"SEXUAL CONDUCT, PAY FOR OR FOR FEE c. 272 s. 53A",0,2,"SEXUAL CONDUCT, PAY FOR OR FOR FEE",272,53A,yes,292,not in the list of non-expungable offenses.,,
299,"TRAMP, THREATS BY c272 ยง64",0,1,"TRAMP, THREATS BY",272,64,yes,292,not in the list of non-expungable offenses.,,
300,"GRAVESTONE, VANDALIZE c272 ยง73",1,3,"GRAVESTONE, VANDALIZE",272,73,yes,292,not in the list of non-expungable offenses.,,
301,"GRAVE PLANTING, VANDALIZE c272 ยง73",1,1,"GRAVE PLANTING, VANDALIZE",272,73,yes,292,not in the list of non-expungable offenses.,,
302,"GRAVE, DISTURB c272 ยง73",0,2,"GRAVE, DISTURB",272,73,yes,292,not in the list of non-expungable offenses.,,
303,"CEMETERY, VANDALIZE c272 ยง74",1,0,"CEMETERY, VANDALIZE",272,74,yes,292,not in the list of non-expungable offenses.,,
304,"GRAVE FLOWERS/FLAG/TOKEN, REMOVE c272 ยง75",3,0,"GRAVE FLOWERS/FLAG/TOKEN, REMOVE",272,75,yes,292,not in the list of non-expungable offenses.,,
305,"PHOTOGRAPH, UNSUSPECTING NUDE PERSON c272 ยง104/B",0,32,"PHOTOGRAPH, UNSUSPECTING NUDE PERSON",272,104/B,yes,305,similar to 1646 on Master Crime List offense with Expunge categories.xlsx from Sana,,
306,"PHOTOGRAPH, SECRETLY NUDE PERSON c272 ยง105",0,12,"PHOTOGRAPH, SECRETLY NUDE PERSON",272,105,yes,305,1646 on Master Crime List offense with Expunge categories.xlsx from Sana,,
307,"PHOTO, VIDEO, ELEC SURVEIL SECRETLY INITIMATE PART c272 ยง105",0,11,"PHOTO, VIDEO, ELEC SURVEIL SECRETLY INITIMATE PART",272,105,yes,305,1646 on Master Crime List offense with Expunge categories.xlsx from Sana,,
308,"WIRETAP, UNLAWFUL c272 ยง99(C)(1)",11,19,"WIRETAP, UNLAWFUL",272,99(C)(1),yes,292,not in the list of non-expungable offenses.,,
309,"WIRETAP, UNLAWFUL, ATTEMPT c272 ยง99(C)(1)",1,1,"WIRETAP, UNLAWFUL, ATTEMPT",272,99(C)(1),yes,292,not in the list of non-expungable offenses.,,
310,"WIRETAP, POSSESS DEVICE FOR c272 ยง99(C)(5)",3,3,"WIRETAP, POSSESS DEVICE FOR",272,99(C)(5),yes,292,not in the list of non-expungable offenses.,,
311,"WIRETAP, DISCLOSE CONTENTS OF c272 ยง99(C)(3) or (4)",2,0,"WIRETAP, DISCLOSE CONTENTS OF",272,99(C)(3) or (4),yes,292,not in the list of non-expungable offenses.,,
312,ATTEMPT TO COMMIT CRIME c. 274 s. 6 - Larceny,0,5,ATTEMPT TO COMMIT CRIME,274,6 - Larceny,yes,312,1554 in master list,,
313,CONSPIRACY c274 ยง7,331,222,CONSPIRACY,274,7,yes,313,1558-1561 in master list,,
314,ATTEMPT TO COMMIT CRIME c. 274 s. 6 - 5 year felony or greater,0,3,ATTEMPT TO COMMIT CRIME,274,6 - 5 year felony or greater,m,314,"Depends on what the attempted crime was, and if the attempted crime is expungable or not. Insufficient information.",,analyze with and without
315,AFFRAY c. 275 s. 14,0,99,AFFRAY,275,14,yes,315,not in the list of non-expungable offenses.,,
316,FUGITIVE FROM JUSTICE ON COURT WARRANT c276 ยง20A,198,735,FUGITIVE FROM JUSTICE ON COURT WARRANT,276,20A,yes,316,not in the list of non-expungable offenses.,,
317,FUGITIVE FROM JUSTICE WITHOUT WARRANT c276 ยง20B,4,204,FUGITIVE FROM JUSTICE WITHOUT WARRANT,276,20B,yes,317,not in the list of non-expungable offenses.,,
318,Solicitation to Commit a Felony C279S5,2,0,SOLICITATION TO COMMIT A FELONY C279S5,279,5,yes,318,not in the list of non-expungable offenses.,,
319,HABITUAL OFFENDER c279 ยง25,0,4,HABITUAL OFFENDER,279,25,yes,319,not in the list of non-expungable offenses.,,
320,FISH/WILDLIFEยHUNT/FISH VIOL 321 CMR ยง3.00,5,0,FISH/WILDLIFEยHUNT/FISH VIOL 321 CMR ยง3.00,321,3,na,320,CMR code violation,CMR code violation,
321,MARINE FISHยฟREGUL OF CATCHES VIOL 322 CMR ยง6.00,0,2,MARINE FISHยฟREGUL OF CATCHES VIOL 322 CMR ยง6.00,322,6,na,321,CMR code violation,CMR code violation,
322,MARINE FISHยฟSTRIPED BASS VIOL 322 CMR ยง6.07,0,5,MARINE FISHยฟSTRIPED BASS VIOL 322 CMR ยง6.07,322,6.07,na,322,CMR code violation,CMR code violation,
323,MARINE FISHยฟCOASTAL FISH VIOLATION 322 CMR ยง8.00,0,1,MARINE FISHยฟCOASTAL FISH VIOLATION 322 CMR ยง8.00,322,8,na,323,CMR code violation,CMR code violation,
324,MBOAT EQUIPMENT VIOLATION 323 CMR ยง2.06,0,1,MBOAT EQUIPMENT VIOLATION 323 CMR ยง2.06,323,2.06,na,324,CMR code violation,CMR code violation,
325,MBOAT OPERATION VIOLATION 323 CMR ยง2.07,6,5,MBOAT OPERATION VIOLATION 323 CMR ยง2.07,323,2.07,na,325,CMR code violation,CMR code violation,
326,SNOW/REC VEHICLE VIOLATION * 323 CMR ยง3.03,1,4,SNOW/REC VEHICLE VIOLATION * 323 CMR ยง3.03,323,3.03,na,326,CMR code violation,CMR code violation,
327,SNOW/REC VEHยฟNUMBER PLATE VIOLATION * 323 CMR ยง3.05,0,1,SNOW/REC VEHยฟNUMBER PLATE VIOLATION * 323 CMR ยง3.05,323,3.05,na,327,CMR code violation,CMR code violation,
328,SNOW/REC VEHยฟEQUIPMENT VIOLATION * 323 CMR ยง3.07,0,2,SNOW/REC VEHยฟEQUIPMENT VIOLATION * 323 CMR ยง3.07,323,3.07,na,328,CMR code violation,CMR code violation,
329,JET SKI VIOLATION 323 CMR ยง4.03,2,0,JET SKI VIOLATION 323 CMR ยง4.03,323,4.03,na,329,CMR code violation,CMR code violation,
330,PUBLIC ACCESS REGS VIOLATION 324 CMR ยง2.03,1,0,PUBLIC ACCESS REGS VIOLATION 324 CMR ยง2.03,324,2.03,na,330,CMR code violation,CMR code violation,
331,MDC WAYยHITCHHIKE 350 CMR ยง4.01,1,0,MDC WAYยHITCHHIKE 350 CMR ยง4.01,350,4.01,na,331,CMR code violation,CMR code violation,
332,MDC WAYยฟ$100 VIOLATION * 350 CMR ยง4.01,0,44,MDC WAYยฟ$100 VIOLATION * 350 CMR ยง4.01,350,4.01,na,332,CMR code violation,CMR code violation,
333,MDC WAYยฟ$200 VIOLATION * 350 CMR ยง4.01,0,18,MDC WAYยฟ$200 VIOLATION * 350 CMR ยง4.01,350,4.01,na,333,CMR code violation,CMR code violation,
334,MDC WAYยฟ$50 VIOLATION * 350 CMR ยง4.01,0,3,MDC WAYยฟ$50 VIOLATION * 350 CMR ยง4.01,350,4.01,na,334,CMR code violation,CMR code violation,
335,MDC WAYยฟ$25 VIOLATION * 350 CMR ยง4.01,0,1,MDC WAYยฟ$25 VIOLATION * 350 CMR ยง4.01,350,4.01,na,335,CMR code violation,CMR code violation,
336,MDC WAYยฟSPEEDING * 350 CMR ยง4.01,0,1,MDC WAYยฟSPEEDING * 350 CMR ยง4.01,350,4.01,na,336,CMR code violation,CMR code violation,
337,MDC WATERSHEDยNON-MV VIOLATION 350 CMR ยง11.09,61,0,MDC WATERSHEDยNON-MV VIOLATION 350 CMR ยง11.09,350,11.09,na,337,CMR code violation,CMR code violation,
338,MDC WATERSHEDยMV VIOLATION  350 CMR ยง11.09,19,0,MDC WATERSHEDยMV VIOLATION  350 CMR ยง11.09,350,11.09,na,338,CMR code violation,CMR code violation,
339,MDC WATERSHEDยฟNON-MV VIOLATION 350 CMR ยง11.09,0,55,MDC WATERSHEDยฟNON-MV VIOLATION 350 CMR ยง11.09,350,11.09,na,339,CMR code violation,CMR code violation,
340,MDC WATERSHEDยฟMV VIOLATION 350 CMR ยง11.09,0,5,MDC WATERSHEDยฟMV VIOLATION 350 CMR ยง11.09,350,11.09,na,340,CMR code violation,CMR code violation,
341,MDCยฟCHARLES RIVER BASIN VIOLATION 350 CMR ยง12.02,0,1,MDCยฟCHARLES RIVER BASIN VIOLATION 350 CMR ยง12.02,350,12.02,na,341,CMR code violation,CMR code violation,
342,MDC WAY/RESERVยNON-MV VIOLATION 350 CMR ยง2.01(2),1,0,MDC WAY/RESERVยNON-MV VIOLATION 350 CMR ยง2.01(2),350,2.01(2),na,342,CMR code violation,CMR code violation,
343,MDC WAY/RESERVยฟNON-MV VIOLATION 350 CMR ยง2.01(2),0,39,MDC WAY/RESERVยฟNON-MV VIOLATION 350 CMR ยง2.01(2),350,2.01(2),na,343,CMR code violation,CMR code violation,
344,"MDC WAY/RESERVยฟENTRY/EXIT, IMPROPER MV * 350 CMR ยง2.01(2)",0,14,"MDC WAY/RESERVยฟENTRY/EXIT, IMPROPER MV * 350 CMR ยง2.01(2)",350,2.01(2),na,344,CMR code violation,CMR code violation,
345,MDC WAYยฟSOLICITING FROM PERSONS IN MVS 350 CMR ยง4.01,0,14,MDC WAYยฟSOLICITING FROM PERSONS IN MVS 350 CMR ยง4.01,350,350 CMR ยง4.01,na,345,CMR code violation,CMR code violation,
346,"MEDICAL MARIJUANA CARD/CULTIVATION REG, FRAUD USE PROFIT c369 ยง14",0,1,"MEDICAL MARIJUANA CARD/CULTIVATION REG, FRAUD USE PROFIT",369,14,na,346,CMR code violation,CMR code violation,
347,MOTOR VEH INSPECTION STATION VIOLATION 540 CMR ยง4.00,7,3,MOTOR VEH INSPECTION STATION VIOLATION 540 CMR ยง4.00,540,4,na,347,CMR code violation,CMR code violation,
348,MOTOR CARRIER SAFETY VIOLATION 540 CMR ยง14.03,9,19,MOTOR CARRIER SAFETY VIOLATION 540 CMR ยง14.03,540,14.03,na,348,CMR code violation,CMR code violation,
349,HAZARDOUS MATERIALS TRANSPORT VIOL * 540 CMR ยง14.03,0,1,HAZARDOUS MATERIALS TRANSPORT VIOL * 540 CMR ยง14.03,540,14.03,na,349,CMR code violation,CMR code violation,
350,REGISTRATION STICKER MISSING * 540 CMR ยง2.05(6)(a),36,68,REGISTRATION STICKER MISSING * 540 CMR ยง2.05(6)(A),540,2.05(6)(a),na,350,CMR code violation,CMR code violation,
351,"HEADLIGHTS, FAIL DIM * 540 CMR ยง2.12(2)",0,1,"HEADLIGHTS, FAIL DIM * 540 CMR ยง2.12(2)",540,2.12(2),na,351,CMR code violation,CMR code violation,
352,"AFTERMARKET LIGHTING, NONCOMPLIANT * 540 CMR ยง22.07",8,18,"AFTERMARKET LIGHTING, NONCOMPLIANT * 540 CMR ยง22.07",540,22.07,na,352,CMR code violation,CMR code violation,
353,TRUCK FAIL DISPLAY OWNERยฟS NAME * 540 CMR ยง2.22(1),0,12,TRUCK FAIL DISPLAY OWNERยฟS NAME * 540 CMR ยง2.22(1),540,2.22(1),na,353,CMR code violation,CMR code violation,
354,REGISTRATION STICKER MISSING * 540 CMR ยง2.24(3),0,2,REGISTRATION STICKER MISSING * 540 CMR ยง2.24(3),540,2.24(3),na,354,CMR code violation,CMR code violation,
355,"NUMBER PLATE, MISUSE DEALER/REPAIR 540 CMR ยง18.04(2)",4,8,"NUMBER PLATE, MISUSE DEALER/REPAIR 540 CMR ยง18.04(2)",540,18.04(2),na,355,CMR code violation,CMR code violation,
356,"HEADLIGHTS, FAIL DIM * 540 CMR ยง22.05(2)",47,17,"HEADLIGHTS, FAIL DIM * 540 CMR ยง22.05(2)",540,22.05(2),na,356,CMR code violation,CMR code violation,
357,"HEADLIGHTS, ALTERNATING FLASHING * 540 CMR ยง22.05(2)",2,2,"HEADLIGHTS, ALTERNATING FLASHING * 540 CMR ยง22.05(2)",540,22.05(2),na,357,CMR code violation,CMR code violation,
358,MASS PIKEยฟNEGLIGENT OPERATION * 700 CMR ยง7.09(5)(a),0,49,MASS PIKEยฟNEGLIGENT OPERATION * 700 CMR ยง7.09(5)(A),700,7.09(5)(a),na,358,CMR code violation,CMR code violation,
359,MASS PIKEยฟMARKED LANES VIOLATION * 700 CMR ยง7.09(5)(a),0,18,MASS PIKEยฟMARKED LANES VIOLATION * 700 CMR ยง7.09(5)(A),700,7.09(5)(a),na,359,CMR code violation,CMR code violation,
360,MASS PIKEยฟSPEEDING TO ENDANGER * 700 CMR ยง7.09(6)(b),0,60,MASS PIKEยฟSPEEDING TO ENDANGER * 700 CMR ยง7.09(6)(B),700,7.09(6)(b),na,360,CMR code violation,CMR code violation,
361,STATE HWAYยฟPARKING * 720 CMR ยง9.03,0,1,STATE HWAYยฟPARKING * 720 CMR ยง9.03,720,9.03,na,361,CMR code violation,CMR code violation,
362,STATE HWAYยWRONG WAY * 720 CMR ยง9.05,13,0,STATE HWAYยWRONG WAY * 720 CMR ยง9.05,720,9.05,na,362,CMR code violation,CMR code violation,
363,STATE HWAY WRONG WAY * 720 CMR ยง9.05,0,196,STATE HWAY WRONG WAY * 720 CMR ยง9.05,720,9.05,na,363,CMR code violation,CMR code violation,
364,STATE HWAYยTRAFFIC VIOLATION * 720 CMR ยง9.06,179,0,STATE HWAYยTRAFFIC VIOLATION * 720 CMR ยง9.06,720,9.06,na,364,CMR code violation,CMR code violation,
365,STATE HWAYยSIGNAL/SIGN/MARKINGS VIOL * 720 CMR ยง9.06,25,0,STATE HWAYยSIGNAL/SIGN/MARKINGS VIOL * 720 CMR ยง9.06,720,9.06,na,365,CMR code violation,CMR code violation,
366,STATE HWAYยฟTRAFFIC VIOLATION * 720 CMR ยง9.06,0,305,STATE HWAYยฟTRAFFIC VIOLATION * 720 CMR ยง9.06,720,9.06,na,366,CMR code violation,CMR code violation,
367,STATE HWAYยฟSIGNAL/SIGN/MARKINGS VIOL * 720 CMR ยง9.06,0,134,STATE HWAYยฟSIGNAL/SIGN/MARKINGS VIOL * 720 CMR ยง9.06,720,9.06,na,367,CMR code violation,CMR code violation,
368,STATE HWAYยTRAFFIC VIOLATION * 720 CMR ยง9.07,9,0,STATE HWAYยTRAFFIC VIOLATION * 720 CMR ยง9.07,720,9.07,na,368,CMR code violation,CMR code violation,
369,STATE HWAYยฟTRAFFIC VIOLATION * 720 CMR ยง9.07,0,10,STATE HWAYยฟTRAFFIC VIOLATION * 720 CMR ยง9.07,720,9.07,na,369,CMR code violation,CMR code violation,
370,"STATE HWAYยRAMP, BACK ON/OFF * 720 CMR ยง9.08",1,0,"STATE HWAYยRAMP, BACK ON/OFF * 720 CMR ยง9.08",720,9.08,na,370,CMR code violation,CMR code violation,
371,"STATE HWAYยฟRAMP, BACK ON/OFF * 720 CMR ยง9.08",0,3,"STATE HWAYยฟRAMP, BACK ON/OFF * 720 CMR ยง9.08",720,9.08,na,371,CMR code violation,CMR code violation,
372,STATE HWAYยPEDESTRIAN VIOLATION 720 CMR ยง9.09,1,0,STATE HWAYยPEDESTRIAN VIOLATION 720 CMR ยง9.09,720,9.09,na,372,CMR code violation,CMR code violation,
373,STATE HWAYยฟPEDESTRIAN VIOLATION 720 CMR ยง9.09,0,6,STATE HWAYยฟPEDESTRIAN VIOLATION 720 CMR ยง9.09,720,9.09,na,373,CMR code violation,CMR code violation,
374,NATIONAL NETWORK TRAVEL LIMITATION VIOL * 720 CMR ยง10.02,0,1,NATIONAL NETWORK TRAVEL LIMITATION VIOL * 720 CMR ยง10.02,720,10.02,na,374,CMR code violation,CMR code violation,
375,STATE HWAYยLEFT LANE RESTRICTION VIOL * 720 CMR ยง9.08(5)(b),1,0,STATE HWAYยLEFT LANE RESTRICTION VIOL * 720 CMR ยง9.08(5)(B),720,9.08(5)(b),na,375,CMR code violation,CMR code violation,
376,STATE HWAYยฟLEFT LANE RESTRICTION VIOL * 720 CMR ยง9.08(5)(b),0,1,STATE HWAYยฟLEFT LANE RESTRICTION VIOL * 720 CMR ยง9.08(5)(B),720,9.08(5)(b),na,376,CMR code violation,CMR code violation,
377,STATE HWAYยฟHAZARDOUS MAT TRANSP VIOL * 720 CMR ยง8.03 & ยง8.04,0,1,STATE HWAYยฟHAZARDOUS MAT TRANSP VIOL * 720 CMR ยง8.03 & ยง8.04,720,8.03 & ยง8.04,na,377,CMR code violation,CMR code violation,
378,MASS PIKE TANDEMยฟLENGTH VIOLATION * 730 CMR ยง4.01,0,8,MASS PIKE TANDEMยฟLENGTH VIOLATION * 730 CMR ยง4.01,730,4.01,na,378,CMR code violation,CMR code violation,
379,MASS PIKE TANDEMยฟWEIGHT VIOLATION * 730 CMR ยง4.02,0,4,MASS PIKE TANDEMยฟWEIGHT VIOLATION * 730 CMR ยง4.02,730,4.02,na,379,CMR code violation,CMR code violation,
380,MASS PIKE TANDEMยฟBRAKE VIOLATION * 730 CMR ยง4.06,0,2,MASS PIKE TANDEMยฟBRAKE VIOLATION * 730 CMR ยง4.06,730,4.06,na,380,CMR code violation,CMR code violation,
381,MASS PIKE TANDEMยฟDISPLAY LENGTH/WT * 730 CMR ยง4.11,0,1,MASS PIKE TANDEMยฟDISPLAY LENGTH/WT * 730 CMR ยง4.11,730,4.11,na,381,CMR code violation,CMR code violation,
382,MASS PIKE TANDEMยฟCOUPLING VIOLATION * 730 CMR ยง4.12,0,1,MASS PIKE TANDEMยฟCOUPLING VIOLATION * 730 CMR ยง4.12,730,4.12,na,382,CMR code violation,CMR code violation,
383,MASS PIKE TANDEMยฟEQUIPMENT INSPECTION * 730 CMR ยง4.15,0,1,MASS PIKE TANDEMยฟEQUIPMENT INSPECTION * 730 CMR ยง4.15,730,4.15,na,383,CMR code violation,CMR code violation,
384,MASS PIKE TANDEMยฟSPEEDING * 730 CMR ยง4.18,0,4,MASS PIKE TANDEMยฟSPEEDING * 730 CMR ยง4.18,730,4.18,na,384,CMR code violation,CMR code violation,
385,MASS PIKE TANDEMยฟPASSING VIOLATION * 730 CMR ยง4.20,0,2,MASS PIKE TANDEMยฟPASSING VIOLATION * 730 CMR ยง4.20,730,4.2,na,385,CMR code violation,CMR code violation,
386,MASS PIKE TANDEMยฟMAKEUP/BREAKUP VIOL * 730 CMR ยง4.28,0,1,MASS PIKE TANDEMยฟMAKEUP/BREAKUP VIOL * 730 CMR ยง4.28,730,4.28,na,386,CMR code violation,CMR code violation,
387,"MASS PIKEยฟTOLL, EVADE * 730 CMR ยง5.03",0,1,"MASS PIKEยฟTOLL, EVADE * 730 CMR ยง5.03",730,5.03,na,387,CMR code violation,CMR code violation,
388,MASS PIKEยฟSPEEDING * 730 CMR ยง5.04,0,174,MASS PIKEยฟSPEEDING * 730 CMR ยง5.04,730,5.04,na,388,CMR code violation,CMR code violation,
389,MASS PIKEยฟSPEEDING OVER POSTED LIMIT * 730 CMR ยง5.04,0,9,MASS PIKEยฟSPEEDING OVER POSTED LIMIT * 730 CMR ยง5.04,730,5.04,na,389,CMR code violation,CMR code violation,
390,MASS PIKEยฟ$100 VIOLATION * 730 CMR ยง5.04,0,2,MASS PIKEยฟ$100 VIOLATION * 730 CMR ยง5.04,730,5.04,na,390,CMR code violation,CMR code violation,
391,MASS PIKEยฟ$500 VIOLATION * 730 CMR ยง5.04,0,1,MASS PIKEยฟ$500 VIOLATION * 730 CMR ยง5.04,730,5.04,na,391,CMR code violation,CMR code violation,
392,MASS PIKEยฟWEIGHT VIOLATION * 730 CMR ยง5.04,0,1,MASS PIKEยฟWEIGHT VIOLATION * 730 CMR ยง5.04,730,5.04,na,392,CMR code violation,CMR code violation,
393,MASS PIKEยฟ$15 VIOLATION * 730 CMR ยง5.04,0,1,MASS PIKEยฟ$15 VIOLATION * 730 CMR ยง5.04,730,5.04,na,393,CMR code violation,CMR code violation,
394,MASS PIKEยฟMOTOR CARRIER SAFETY ACT VIOL * 730 CMR ยง7.09,0,68,MASS PIKEยฟMOTOR CARRIER SAFETY ACT VIOL * 730 CMR ยง7.09,730,7.09,na,394,CMR code violation,CMR code violation,
395,MASS PIKEยฟDISABLED VEH REPAIR/TOW VIOL * 730 CMR ยง7.11,0,1,MASS PIKEยฟDISABLED VEH REPAIR/TOW VIOL * 730 CMR ยง7.11,730,7.11,na,395,CMR code violation,CMR code violation,
396,"MASS PIKEยฟSIGNAL/SIGN/MARKINGS, UNAUTH 730 CMR ยง5.04(1)(b)",0,11,"MASS PIKEยฟSIGNAL/SIGN/MARKINGS, UNAUTH 730 CMR ยง5.04(1)(B)",730,5.04(1)(b),na,396,CMR code violation,CMR code violation,
397,"MASS PIKEยฟSIGNAL/SIGN/MARKINGS,VANDALIZE 730 CMR ยง5.04(1)(d)",0,2,"MASS PIKEยฟSIGNAL/SIGN/MARKINGS,VANDALIZE 730 CMR ยง5.04(1)(D)",730,5.04(1)(d),na,397,CMR code violation,CMR code violation,
398,MASS PIKEยฟPEDESTRIAN 730 CMR ยง5.04(4)(b),0,1,MASS PIKEยฟPEDESTRIAN 730 CMR ยง5.04(4)(B),730,5.04(4)(b),na,398,CMR code violation,CMR code violation,
399,MASS PIKEยฟSOLICITING 730 CMR ยง5.04(4)(g),0,1,MASS PIKEยฟSOLICITING 730 CMR ยง5.04(4)(G),730,5.04(4)(g),na,399,CMR code violation,CMR code violation,
400,"MASS PIKEยฟTOLL, FAIL PAY * 730 CMR ยง7.03(3)",0,1,"MASS PIKEยฟTOLL, FAIL PAY * 730 CMR ยง7.03(3)",730,7.03(3),na,400,CMR code violation,CMR code violation,
401,"MASS PIKEยฟTOLL, EVADE * 730 CMR ยง7.03(4)",0,2,"MASS PIKEยฟTOLL, EVADE * 730 CMR ยง7.03(4)",730,7.03(4),na,401,CMR code violation,CMR code violation,
402,"MASS PIKEยฟETC SYSTEM/LANE, UNAUTH USE * 730 CMR ยง7.04(1)",0,1,"MASS PIKEยฟETC SYSTEM/LANE, UNAUTH USE * 730 CMR ยง7.04(1)",730,7.04(1),na,402,CMR code violation,CMR code violation,
403,MASS PIKEยฟWRONG WAY * 730 CMR ยง7.05(1),0,11,MASS PIKEยฟWRONG WAY * 730 CMR ยง7.05(1),730,7.05(1),na,403,CMR code violation,CMR code violation,
404,MASS PIKEยฟWRONG WAY IN TUNNEL * 730 CMR ยง7.05(2),0,5,MASS PIKEยฟWRONG WAY IN TUNNEL * 730 CMR ยง7.05(2),730,7.05(2),na,404,CMR code violation,CMR code violation,
405,"MASS PIKEยฟENTER/EXIT, UNAUTHORIZED * 730 CMR ยง7.05(3)",0,1,"MASS PIKEยฟENTER/EXIT, UNAUTHORIZED * 730 CMR ยง7.05(3)",730,7.05(3),na,405,CMR code violation,CMR code violation,
406,MASS PIKEยฟTIRE VIOLATION * 730 CMR ยง7.05(5)(b),0,1,MASS PIKEยฟTIRE VIOLATION * 730 CMR ยง7.05(5)(B),730,7.05(5)(b),na,406,CMR code violation,CMR code violation,
407,MASS PIKEยฟBRAKES VIOLATION * 730 CMR ยง7.05(5)(g),0,2,MASS PIKEยฟBRAKES VIOLATION * 730 CMR ยง7.05(5)(G),730,7.05(5)(g),na,407,CMR code violation,CMR code violation,
408,MASS PIKEยฟWEIGHT VIOLATION * 730 CMR ยง7.05(5)(h),0,1,MASS PIKEยฟWEIGHT VIOLATION * 730 CMR ยง7.05(5)(H),730,7.05(5)(h),na,408,CMR code violation,CMR code violation,
409,MASS PIKEยฟLOITERING 730 CMR ยง7.05(8),0,1,MASS PIKEยฟLOITERING 730 CMR ยง7.05(8),730,7.05(8),na,409,CMR code violation,CMR code violation,
410,MASS PIKEยฟCOMMERCIAL ACTIVITY 730 CMR ยง7.05(9),0,2,MASS PIKEยฟCOMMERCIAL ACTIVITY 730 CMR ยง7.05(9),730,7.05(9),na,410,CMR code violation,CMR code violation,
411,"MASS PIKEยฟSIGN/CIRCULAR, POST/DISTRIBUTE 730 CMR ยง7.05(9)",0,1,"MASS PIKEยฟSIGN/CIRCULAR, POST/DISTRIBUTE 730 CMR ยง7.05(9)",730,7.05(9),na,411,CMR code violation,CMR code violation,
412,MASS PIKEยฟPILOT CAR VIOLATION * 730 CMR ยง7.06(4)(d),0,3,MASS PIKEยฟPILOT CAR VIOLATION * 730 CMR ยง7.06(4)(D),730,7.06(4)(d),na,412,CMR code violation,CMR code violation,
413,"MASS PIKEยฟHEIGHT, FAIL DISPLAY * 730 CMR ยง7.06(4)(f)",0,1,"MASS PIKEยฟHEIGHT, FAIL DISPLAY * 730 CMR ยง7.06(4)(F)",730,7.06(4)(f),na,413,CMR code violation,CMR code violation,
414,"MASS PIKEยฟHEIGHT CLEARANCE, FAIL CHECK * 730 CMR ยง7.06(4)(g)",0,2,"MASS PIKEยฟHEIGHT CLEARANCE, FAIL CHECK * 730 CMR ยง7.06(4)(G)",730,7.06(4)(g),na,414,CMR code violation,CMR code violation,
415,"MASS PIKEยฟSIGN, FAIL OBEY * 730 CMR ยง7.08(1)(a)",0,126,"MASS PIKEยฟSIGN, FAIL OBEY * 730 CMR ยง7.08(1)(A)",730,7.08(1)(a),na,415,CMR code violation,CMR code violation,
416,"MASS PIKEยฟSIGN/SIGNAL/MARKING, UNAUTHORIZED 730 CMR ยง7.08(1)(a)",0,9,"MASS PIKEยฟSIGN/SIGNAL/MARKING, UNAUTHORIZED 730 CMR ยง7.08(1)(A)",730,7.08(1)(a),na,416,CMR code violation,CMR code violation,
417,"MASS PIKEยฟPOLICE ORDERS, FAIL OBEY * 730 CMR ยง7.08(1)(b)",0,10,"MASS PIKEยฟPOLICE ORDERS, FAIL OBEY * 730 CMR ยง7.08(1)(B)",730,7.08(1)(b),na,417,CMR code violation,CMR code violation,
418,"MASS PIKEยฟTRAFFIC LIGHT, FAIL OBEY * 730 CMR ยง7.08(2)",0,11,"MASS PIKEยฟTRAFFIC LIGHT, FAIL OBEY * 730 CMR ยง7.08(2)",730,7.08(2),na,418,CMR code violation,CMR code violation,
419,MASS PIKEยฟNEGLIGENT OPERATION * 730 CMR ยง7.08(5)(a),0,25,MASS PIKEยฟNEGLIGENT OPERATION * 730 CMR ยง7.08(5)(A),730,7.08(5)(a),na,419,CMR code violation,CMR code violation,
420,"MASS PIKEยฟLOADING, NEGLIGENT * 730 CMR ยง7.08(5)(b)",0,1,"MASS PIKEยฟLOADING, NEGLIGENT * 730 CMR ยง7.08(5)(B)",730,7.08(5)(b),na,420,CMR code violation,CMR code violation,
421,MASS PIKEยฟSPEEDING * 730 CMR ยง7.08(6)(a),0,193,MASS PIKEยฟSPEEDING * 730 CMR ยง7.08(6)(A),730,7.08(6)(a),na,421,CMR code violation,CMR code violation,
422,MASS PIKEยฟSPEEDING TO ENDANGER * 730 CMR ยง7.08(6)(b),0,6,MASS PIKEยฟSPEEDING TO ENDANGER * 730 CMR ยง7.08(6)(B),730,7.08(6)(b),na,422,CMR code violation,CMR code violation,
423,MASS PIKEยฟSPEEDING OVER POSTED LIMIT * 730 CMR ยง7.08(6)(c),0,13,MASS PIKEยฟSPEEDING OVER POSTED LIMIT * 730 CMR ยง7.08(6)(C),730,7.08(6)(c),na,423,CMR code violation,CMR code violation,
424,MASS PIKEยฟMINIMUM SPEED VIOLATION * 730 CMR ยง7.08(6)(c),0,3,MASS PIKEยฟMINIMUM SPEED VIOLATION * 730 CMR ยง7.08(6)(C),730,7.08(6)(c),na,424,CMR code violation,CMR code violation,
425,MASS PIKEยฟENTER/EXIT IMPROPERLY * 730 CMR ยง7.08(7),0,7,MASS PIKEยฟENTER/EXIT IMPROPERLY * 730 CMR ยง7.08(7),730,7.08(7),na,425,CMR code violation,CMR code violation,
426,MASS PIKEยฟMARKED LANES VIOLATION * 730 CMR ยง7.08(8),0,195,MASS PIKEยฟMARKED LANES VIOLATION * 730 CMR ยง7.08(8),730,7.08(8),na,426,CMR code violation,CMR code violation,
427,MASS PIKEยฟBREAKDOWN LANE VIOLATION * 730 CMR ยง7.08(9),0,33,MASS PIKEยฟBREAKDOWN LANE VIOLATION * 730 CMR ยง7.08(9),730,7.08(9),na,427,CMR code violation,CMR code violation,
428,"MASS PIKEยฟSPECIAL FUEL PERMIT, FAIL CARRY * 730 CMR ยง7.06(6)(e)(2)",0,1,"MASS PIKEยฟSPECIAL FUEL PERMIT, FAIL CARRY * 730 CMR ยง7.06(6)(E)(2)",730,7.06(6)(e)(2),na,428,CMR code violation,CMR code violation,
429,MASS PIKEยฟTANDEM TOO CLOSE * 730 CMR ยง7.07(20),0,11,MASS PIKEยฟTANDEM TOO CLOSE * 730 CMR ยง7.07(20),730,7.07(20),na,429,CMR code violation,CMR code violation,
430,MASS PIKEยฟTANDEM PASSING VIOLATION * 730 CMR ยง7.07(22),0,1,MASS PIKEยฟTANDEM PASSING VIOLATION * 730 CMR ยง7.07(22),730,7.07(22),na,430,CMR code violation,CMR code violation,
431,MASS PIKEยฟMEDIAN/EXCLUDED AREA VIOLATION * 730 CMR ยง7.08(10)(a),0,3,MASS PIKEยฟMEDIAN/EXCLUDED AREA VIOLATION * 730 CMR ยง7.08(10)(A),730,7.08(10)(a),na,431,CMR code violation,CMR code violation,
432,MASS PIKEยฟCROSS-OVER VIOLATION * 730 CMR ยง7.08(10)(b),0,3,MASS PIKEยฟCROSS-OVER VIOLATION * 730 CMR ยง7.08(10)(B),730,7.08(10)(b),na,432,CMR code violation,CMR code violation,
433,MASS PIKEยฟRESTRICTED AREA VIOLATION * 730 CMR ยง7.08(11)(a),0,9,MASS PIKEยฟRESTRICTED AREA VIOLATION * 730 CMR ยง7.08(11)(A),730,7.08(11)(a),na,433,CMR code violation,CMR code violation,
434,MASS PIKEยฟLEFT LANE RESTRICTION * 730 CMR ยง7.08(11)(b),0,6,MASS PIKEยฟLEFT LANE RESTRICTION * 730 CMR ยง7.08(11)(B),730,7.08(11)(b),na,434,CMR code violation,CMR code violation,
435,MASS PIKEยฟSPEEDING IN CONSTRUCTION ZONE * 730 CMR ยง7.08(12)(a),0,5,MASS PIKEยฟSPEEDING IN CONSTRUCTION ZONE * 730 CMR ยง7.08(12)(A),730,7.08(12)(a),na,435,CMR code violation,CMR code violation,
436,MASS PIKEยฟEXCLUDED AREA IN CONSTRUCTION ZONE * 730 CMR ยง7.08(12)(b),0,4,MASS PIKEยฟEXCLUDED AREA IN CONSTRUCTION ZONE * 730 CMR ยง7.08(12)(B),730,7.08(12)(b),na,436,CMR code violation,CMR code violation,
437,MASS PIKEยฟNEGLIGENT OP IN CONSTRUCTION ZONE * 730 CMR ยง7.08(12)(c),0,2,MASS PIKEยฟNEGLIGENT OP IN CONSTRUCTION ZONE * 730 CMR ยง7.08(12)(C),730,7.08(12)(c),na,437,CMR code violation,CMR code violation,
438,"MASS PIKEยฟRIGHT LANE, FAIL KEEP TO * 730 CMR ยง7.08(13)",0,13,"MASS PIKEยฟRIGHT LANE, FAIL KEEP TO * 730 CMR ยง7.08(13)",730,7.08(13),na,438,CMR code violation,CMR code violation,
439,MASS PIKEยฟPASSING VIOLATION * 730 CMR ยง7.08(14),0,13,MASS PIKEยฟPASSING VIOLATION * 730 CMR ยง7.08(14),730,7.08(14),na,439,CMR code violation,CMR code violation,
440,MASS PIKEยฟTOO CLOSE * 730 CMR ยง7.08(15),0,87,MASS PIKEยฟTOO CLOSE * 730 CMR ยง7.08(15),730,7.08(15),na,440,CMR code violation,CMR code violation,
441,MASS PIKEยฟCOASTING VIOLATION * 730 CMR ยง7.08(16),0,5,MASS PIKEยฟCOASTING VIOLATION * 730 CMR ยง7.08(16),730,7.08(16),na,441,CMR code violation,CMR code violation,
442,MASS PIKEยฟSTOP/BACK/U-TURN * 730 CMR ยง7.08(17)(a)&(b),0,19,MASS PIKEยฟSTOP/BACK/U-TURN * 730 CMR ยง7.08(17)(A)&(B),730,7.08(17)(a)&(b),na,442,CMR code violation,CMR code violation,
443,"MASS PIKEยฟSTOP/TURN, FAIL SIGNAL * 730 CMR ยง7.08(17)(c)",0,26,"MASS PIKEยฟSTOP/TURN, FAIL SIGNAL * 730 CMR ยง7.08(17)(C)",730,7.08(17)(c),na,443,CMR code violation,CMR code violation,
444,"MASS PIKEยฟHEIGHT WARNING SIGNAL, IGNORE * 730 CMR ยง7.08(19)",0,2,"MASS PIKEยฟHEIGHT WARNING SIGNAL, IGNORE * 730 CMR ยง7.08(19)",730,7.08(19),na,444,CMR code violation,CMR code violation,
445,MASS PIKEยฟNOISE VIOLATION * 730 CMR ยง7.08(21),0,1,MASS PIKEยฟNOISE VIOLATION * 730 CMR ยง7.08(21),730,7.08(21),na,445,CMR code violation,CMR code violation,
446,MASS PIKEยฟHEADLIGHT HIGH BEAM VIOLATION * 730 CMR ยง7.08(22),0,1,MASS PIKEยฟHEADLIGHT HIGH BEAM VIOLATION * 730 CMR ยง7.08(22),730,7.08(22),na,446,CMR code violation,CMR code violation,
447,"MASS PIKEยฟFUEL, INADEQUATE * 730 CMR ยง7.08(23)",0,51,"MASS PIKEยฟFUEL, INADEQUATE * 730 CMR ยง7.08(23)",730,7.08(23),na,447,CMR code violation,CMR code violation,
448,"MASS PIKEยฟINSPECTION STICKER, NO * 730 CMR ยง7.08(26)",0,28,"MASS PIKEยฟINSPECTION STICKER, NO * 730 CMR ยง7.08(26)",730,7.08(26),na,448,CMR code violation,CMR code violation,
449,MASS PIKEยฟEQUIPMENT VIOLATON * 730 CMR ยง7.08(27),0,24,MASS PIKEยฟEQUIPMENT VIOLATON * 730 CMR ยง7.08(27),730,7.08(27),na,449,CMR code violation,CMR code violation,
450,MASS PIKEยฟIDLING * 730 CMR ยง7.08(28),0,2,MASS PIKEยฟIDLING * 730 CMR ยง7.08(28),730,7.08(28),na,450,CMR code violation,CMR code violation,
451,MASS PIKEยฟCOMMON CARRIER FL STOP FOR POLICE * 730 CMR ยง7.08(30),0,1,MASS PIKEยฟCOMMON CARRIER FL STOP FOR POLICE * 730 CMR ยง7.08(30),730,7.08(30),na,451,CMR code violation,CMR code violation,
452,MASS PIKEยฟSOLICIT FUNDS 730 CMR ยง7.05(9),0,1,MASS PIKEยฟSOLICIT FUNDS 730 CMR ยง7.05(9),730,730 CMR ยง7.05(9),na,452,CMR code violation,CMR code violation,
453,LOGANยฟSPEEDING OVER POSTED LIMIT * 740 CMR ยง21.51,0,5,LOGANยฟSPEEDING OVER POSTED LIMIT * 740 CMR ยง21.51,740,21.51,na,453,CMR code violation,CMR code violation,
454,LOGANยฟTRAFFIC VIOLATION * 740 CMR ยง21.51,0,1,LOGANยฟTRAFFIC VIOLATION * 740 CMR ยง21.51,740,21.51,na,454,CMR code violation,CMR code violation,
455,LOGANยฟSIGNAL/SIGN/MARKINGS VIOLATION * 740 CMR ยง21.52,0,1,LOGANยฟSIGNAL/SIGN/MARKINGS VIOLATION * 740 CMR ยง21.52,740,21.52,na,455,CMR code violation,CMR code violation,
456,TOBIN BRIDGEยฟHITCHHIKING/LOITERING 740 CMR ยง11.05(1)(b),0,1,TOBIN BRIDGEยฟHITCHHIKING/LOITERING 740 CMR ยง11.05(1)(B),740,11.05(1)(b),na,456,CMR code violation,CMR code violation,
457,TOBIN BRIDGEยฟSPEEDING OVER POSTED LIMIT * 740 CMR ยง11.06(1)(h),0,1,TOBIN BRIDGEยฟSPEEDING OVER POSTED LIMIT * 740 CMR ยง11.06(1)(H),740,11.06(1)(h),na,457,CMR code violation,CMR code violation,
458,MASS PIKE TANDEMยฟCLOSER THAN 500 FT * 730 CMR ยง4.19,0,1,MASS PIKE TANDEMยฟCLOSER THAN 500 FT * 730 CMR ยง4.19,500 FT * 730,4.19,na,458,CMR code violation,CMR code violation,
